school,logo,type,color,alt_color
Air Force,http://a.espncdn.com/i/teamlogos/ncaa/500/2005.png,G5,#004a7b,#ffffff
Akron,http://a.espncdn.com/i/teamlogos/ncaa/500/2006.png,G5,#00285e,#84754e
Alabama,http://a.espncdn.com/i/teamlogos/ncaa/500/333.png,P5,#690014,#f1f2f3
Appalachian State,http://a.espncdn.com/i/teamlogos/ncaa/500/2026.png,G5,#000000,#ffcd00
Arizona,http://a.espncdn.com/i/teamlogos/ncaa/500/12.png,P5,#002449,#00205b
Arizona State,http://a.espncdn.com/i/teamlogos/ncaa/500/9.png,P5,#942139,#f1f2f3
Arkansas,http://a.espncdn.com/i/teamlogos/ncaa/500/8.png,P5,#9c1831,#000000
Arkansas State,http://a.espncdn.com/i/teamlogos/ncaa/500/2032.png,G5,#e81018,#000000
Army,http://a.espncdn.com/i/teamlogos/ncaa/500/349.png,G5,#ce9c00,#231f20
Auburn,http://a.espncdn.com/i/teamlogos/ncaa/500/2.png,P5,#03244d,#f1f2f3
Ball State,http://a.espncdn.com/i/teamlogos/ncaa/500/2050.png,G5,#DA0000,#ffffff
Baylor,http://a.espncdn.com/i/teamlogos/ncaa/500/239.png,P5,#004834,#ffb81c
Boise State,http://a.espncdn.com/i/teamlogos/ncaa/500/68.png,G5,#09347A,#d8d9da
Boston College,http://a.espncdn.com/i/teamlogos/ncaa/500/103.png,P5,#88001a,#a39161
Bowling Green,http://a.espncdn.com/i/teamlogos/ncaa/500/189.png,G5,#2b1000,#492000
Buffalo,http://a.espncdn.com/i/teamlogos/ncaa/500/2084.png,G5,#041A9B,#ebebeb
BYU,http://a.espncdn.com/i/teamlogos/ncaa/500/252.png,P5,#001E4C,#ffffff
California,http://a.espncdn.com/i/teamlogos/ncaa/500/25.png,P5,#031522,#ffc423
Central Michigan,http://a.espncdn.com/i/teamlogos/ncaa/500/2117.png,G5,#6a0032,#ffffff
Charlotte,http://a.espncdn.com/i/teamlogos/ncaa/500/2429.png,G5,#0C562D,#cfab7a
Cincinnati,http://a.espncdn.com/i/teamlogos/ncaa/500/2132.png,G5,#000000,#717073
Clemson,http://a.espncdn.com/i/teamlogos/ncaa/500/228.png,P5,#F66733,#522d80
Coastal Carolina,http://a.espncdn.com/i/teamlogos/ncaa/500/324.png,G5,#007073,#876447
Colorado,http://a.espncdn.com/i/teamlogos/ncaa/500/38.png,P5,#d1c57e,#ffd200
Colorado State,http://a.espncdn.com/i/teamlogos/ncaa/500/36.png,G5,#004537,#ffc425
Connecticut,http://a.espncdn.com/i/teamlogos/ncaa/500/41.png,G5,#001d40,#f1f2f3
Duke,http://a.espncdn.com/i/teamlogos/ncaa/500/150.png,P5,#001A57,#f1f2f3
East Carolina,http://a.espncdn.com/i/teamlogos/ncaa/500/151.png,G5,#4b1869,#f0907b
Eastern Michigan,http://a.espncdn.com/i/teamlogos/ncaa/500/2199.png,G5,#00331b,#f0f0f0
Florida,http://a.espncdn.com/i/teamlogos/ncaa/500/57.png,P5,#0021A5,#0021a5
Florida Atlantic,http://a.espncdn.com/i/teamlogos/ncaa/500/2226.png,G5,#004B85,#bb2f4c
Florida International,http://a.espncdn.com/i/teamlogos/ncaa/500/2229.png,G5,#001538,#c5960c
Florida State,http://a.espncdn.com/i/teamlogos/ncaa/500/52.png,P5,#782F40,#ceb888
Fresno State,http://a.espncdn.com/i/teamlogos/ncaa/500/278.png,G5,#c41230,#231f20
Georgia,http://a.espncdn.com/i/teamlogos/ncaa/500/61.png,P5,#CC0000,#000000
Georgia Southern,http://a.espncdn.com/i/teamlogos/ncaa/500/290.png,G5,#003775,#f0f0f0
Georgia State,http://a.espncdn.com/i/teamlogos/ncaa/500/2247.png,G5,#1e539a,#ebebeb
Georgia Tech,http://a.espncdn.com/i/teamlogos/ncaa/500/59.png,P5,#00223e,#002c56
Hawai'i,http://a.espncdn.com/i/teamlogos/ncaa/500/62.png,G5,#003420,#ffffff
Houston,http://a.espncdn.com/i/teamlogos/ncaa/500/248.png,G5,#C90822,#231f20
Illinois,http://a.espncdn.com/i/teamlogos/ncaa/500/356.png,P5,#f77329,#fa6300
Indiana,http://a.espncdn.com/i/teamlogos/ncaa/500/84.png,P5,#7D110C,#eeedeb
Iowa,http://a.espncdn.com/i/teamlogos/ncaa/500/2294.png,P5,#000000,#ffe100
Iowa State,http://a.espncdn.com/i/teamlogos/ncaa/500/66.png,P5,#660015,#830b2c
Kansas,http://a.espncdn.com/i/teamlogos/ncaa/500/2305.png,P5,#0022B4,#e8000d
Kansas State,http://a.espncdn.com/i/teamlogos/ncaa/500/2306.png,P5,#633194,#e7d2ad
Kent State,http://a.espncdn.com/i/teamlogos/ncaa/500/2309.png,G5,#002445,#f0b510
Kentucky,http://a.espncdn.com/i/teamlogos/ncaa/500/96.png,P5,#005DAA,#ffffff
Liberty,http://a.espncdn.com/i/teamlogos/ncaa/500/2335.png,G5,#071740,#a61f21
Louisiana,http://a.espncdn.com/i/teamlogos/ncaa/500/309.png,G5,#ce2842,#ffffff
Louisiana Monroe,http://a.espncdn.com/i/teamlogos/ncaa/500/2433.png,G5,#231F20,#b18445
Louisiana Tech,http://a.espncdn.com/i/teamlogos/ncaa/500/2348.png,G5,#002d65,#d3313a
Louisville,http://a.espncdn.com/i/teamlogos/ncaa/500/97.png,P5,#ad000a,#cccccc
LSU,http://a.espncdn.com/i/teamlogos/ncaa/500/99.png,P5,#22005c,#fdd023
Marshall,http://a.espncdn.com/i/teamlogos/ncaa/500/276.png,G5,#186329,#be854c
Maryland,http://a.espncdn.com/i/teamlogos/ncaa/500/120.png,P5,#D5002B,#ffcd00
Memphis,http://a.espncdn.com/i/teamlogos/ncaa/500/235.png,G5,#002447,#231f20
Miami,http://a.espncdn.com/i/teamlogos/ncaa/500/2390.png,P5,#004325,#f0f0f0
Miami (OH),http://a.espncdn.com/i/teamlogos/ncaa/500/193.png,G5,#a4000c,#f0f0f0
Michigan,http://a.espncdn.com/i/teamlogos/ncaa/500/130.png,P5,#00274c,#ffcb05
Michigan State,http://a.espncdn.com/i/teamlogos/ncaa/500/127.png,P5,#18453B,#ffffff
Middle Tennessee,http://a.espncdn.com/i/teamlogos/ncaa/500/2393.png,G5,#0079C2,#c3c5c8
Minnesota,http://a.espncdn.com/i/teamlogos/ncaa/500/135.png,P5,#7F011B,#7a0019
Mississippi State,http://a.espncdn.com/i/teamlogos/ncaa/500/344.png,P5,#762123,#c8c8c8
Missouri,http://a.espncdn.com/i/teamlogos/ncaa/500/142.png,P5,#000000,#000000
Navy,http://a.espncdn.com/i/teamlogos/ncaa/500/2426.png,G5,#131630,#b6a77c
NC State,http://a.espncdn.com/i/teamlogos/ncaa/500/152.png,P5,#EF1216,#231f20
Nebraska,http://a.espncdn.com/i/teamlogos/ncaa/500/158.png,P5,#F20017,#f5f1e7
Nevada,http://a.espncdn.com/i/teamlogos/ncaa/500/2440.png,G5,#153E5F,#8e9295
New Mexico,http://a.espncdn.com/i/teamlogos/ncaa/500/167.png,G5,#000000,#231f20
New Mexico State,http://a.espncdn.com/i/teamlogos/ncaa/500/166.png,G5,#891216,#000000
North Carolina,http://a.espncdn.com/i/teamlogos/ncaa/500/153.png,P5,#99bfe5,#13294b
Northern Illinois,http://a.espncdn.com/i/teamlogos/ncaa/500/2459.png,G5,#F1122C,#cc0000
North Texas,http://a.espncdn.com/i/teamlogos/ncaa/500/249.png,G5,#00853D,#000000
Northwestern,http://a.espncdn.com/i/teamlogos/ncaa/500/77.png,P5,#372286,#d6cac1
Notre Dame,http://a.espncdn.com/i/teamlogos/ncaa/500/87.png,P5,#00122b,#ae9142
Ohio,http://a.espncdn.com/i/teamlogos/ncaa/500/195.png,G5,#295A29,#e4bb85
Ohio State,http://a.espncdn.com/i/teamlogos/ncaa/500/194.png,P5,#DE3121,#666666
Oklahoma,http://a.espncdn.com/i/teamlogos/ncaa/500/201.png,P5,#7b0000,#cccccc
Oklahoma State,http://a.espncdn.com/i/teamlogos/ncaa/500/197.png,P5,#FF6500,#ff9900
Old Dominion,http://a.espncdn.com/i/teamlogos/ncaa/500/295.png,G5,#00507d,#a1d2f1
Ole Miss,http://a.espncdn.com/i/teamlogos/ncaa/500/145.png,P5,#001148,#00205b
Oregon,http://a.espncdn.com/i/teamlogos/ncaa/500/2483.png,P5,#044520,#fee123
Oregon State,http://a.espncdn.com/i/teamlogos/ncaa/500/204.png,P5,#c34500,#dea076
Penn State,http://a.espncdn.com/i/teamlogos/ncaa/500/213.png,P5,#00265D,#002e5c
Pittsburgh,http://a.espncdn.com/i/teamlogos/ncaa/500/221.png,P5,#003263,#231f20
Purdue,http://a.espncdn.com/i/teamlogos/ncaa/500/2509.png,P5,#B89D29,#a4a9ad
Rice,http://a.espncdn.com/i/teamlogos/ncaa/500/242.png,G5,#003D7D,#d1d5d8
Rutgers,http://a.espncdn.com/i/teamlogos/ncaa/500/164.png,P5,#d21034,#ffffff
San Diego State,http://a.espncdn.com/i/teamlogos/ncaa/500/21.png,G5,#BF2C37,#a8996e
San Jos√© State,http://a.espncdn.com/i/teamlogos/ncaa/500/23.png,G5,#005893,#fdba31
SMU,http://a.espncdn.com/i/teamlogos/ncaa/500/2567.png,G5,#E32F38,#ecdcb9
South Alabama,http://a.espncdn.com/i/teamlogos/ncaa/500/6.png,G5,#003E7E,#ffffff
South Carolina,http://a.espncdn.com/i/teamlogos/ncaa/500/2579.png,P5,#670010,#000000
Southern Mississippi,http://a.espncdn.com/i/teamlogos/ncaa/500/2572.png,G5,#FFAA3C,#ffc423
South Florida,http://a.espncdn.com/i/teamlogos/ncaa/500/58.png,G5,#004A36,#231f20
Stanford,http://a.espncdn.com/i/teamlogos/ncaa/500/24.png,P5,#A80532,#ffffff
Syracuse,http://a.espncdn.com/i/teamlogos/ncaa/500/183.png,P5,#F37321,#0d1d37
TCU,http://a.espncdn.com/i/teamlogos/ncaa/500/2628.png,P5,#3C377D,#f1f2f3
Temple,http://a.espncdn.com/i/teamlogos/ncaa/500/218.png,G5,#A80532,#a7a9ac
Tennessee,http://a.espncdn.com/i/teamlogos/ncaa/500/2633.png,P5,#EE9627,#ffffff
Texas,http://a.espncdn.com/i/teamlogos/ncaa/500/251.png,P5,#EE7524,#f0f0f0
Texas A&M,http://a.espncdn.com/i/teamlogos/ncaa/500/245.png,P5,#5C0025,#ffffff
Texas State,http://a.espncdn.com/i/teamlogos/ncaa/500/326.png,G5,#4e1719,#b4975a
Texas Tech,http://a.espncdn.com/i/teamlogos/ncaa/500/2641.png,P5,#C80025,#231f20
Toledo,http://a.espncdn.com/i/teamlogos/ncaa/500/2649.png,G5,#00488F,#ffd51d
Troy,http://a.espncdn.com/i/teamlogos/ncaa/500/2653.png,G5,#AE0210,#88898c
Tulane,http://a.espncdn.com/i/teamlogos/ncaa/500/2655.png,G5,#005837,#3baf29
Tulsa,http://a.espncdn.com/i/teamlogos/ncaa/500/202.png,G5,#004371,#ee3b33
UAB,http://a.espncdn.com/i/teamlogos/ncaa/500/5.png,G5,#003b28,#ffc845
UCF,http://a.espncdn.com/i/teamlogos/ncaa/500/2116.png,G5,#000000,#231f20
UCLA,http://a.espncdn.com/i/teamlogos/ncaa/500/26.png,P5,#005C8E,#ffc72c
UMass,http://a.espncdn.com/i/teamlogos/ncaa/500/113.png,G5,#880007,#ffffff
UNLV,http://a.espncdn.com/i/teamlogos/ncaa/500/2439.png,G5,#000000,#c2c4c6
USC,http://a.espncdn.com/i/teamlogos/ncaa/500/30.png,P5,#AE2531,#ffc72c
Utah,http://a.espncdn.com/i/teamlogos/ncaa/500/254.png,P5,#890012,#7e8083
Utah State,http://a.espncdn.com/i/teamlogos/ncaa/500/328.png,G5,#003263,#949ca1
UTEP,http://a.espncdn.com/i/teamlogos/ncaa/500/2638.png,G5,#002843,#ff6f12
UT San Antonio,http://a.espncdn.com/i/teamlogos/ncaa/500/2636.png,G5,#002A5C,#f47321
Vanderbilt,http://a.espncdn.com/i/teamlogos/ncaa/500/238.png,P5,#000000,#231f20
Virginia,http://a.espncdn.com/i/teamlogos/ncaa/500/258.png,P5,#00204e,#002d62
Virginia Tech,http://a.espncdn.com/i/teamlogos/ncaa/500/259.png,P5,#74232D,#c2c1ba
Wake Forest,http://a.espncdn.com/i/teamlogos/ncaa/500/154.png,P5,#9E7E38,#000000
Washington,http://a.espncdn.com/i/teamlogos/ncaa/500/264.png,P5,#2B2F64,#e8e3d3
Washington State,http://a.espncdn.com/i/teamlogos/ncaa/500/265.png,P5,#94022a,#6a747c
Western Kentucky,http://a.espncdn.com/i/teamlogos/ncaa/500/98.png,G5,#F32026,#b3b5b8
Western Michigan,http://a.espncdn.com/i/teamlogos/ncaa/500/2711.png,G5,#B59966,#bfa979
West Virginia,http://a.espncdn.com/i/teamlogos/ncaa/500/277.png,P5,#FFC600,#eaaa00
Wisconsin,http://a.espncdn.com/i/teamlogos/ncaa/500/275.png,P5,#A00001,#f7f7f7
Wyoming,http://a.espncdn.com/i/teamlogos/ncaa/500/2751.png,G5,#533B22,#ffffff
Abilene Christian,http://a.espncdn.com/i/teamlogos/ncaa/500/2000.png,FCS,#4e2683,#ebebeb
Alabama A&M,http://a.espncdn.com/i/teamlogos/ncaa/500/2010.png,FCS,#790000,#ffffff
Alabama State,http://a.espncdn.com/i/teamlogos/ncaa/500/2011.png,FCS,#e9a900,#0a0a0a
Albany,http://a.espncdn.com/i/teamlogos/ncaa/500/399.png,FCS,#3D2777,#ffffff
Alcorn State,http://a.espncdn.com/i/teamlogos/ncaa/500/2016.png,FCS,#4b0058,#46166a
Alderson-Broaddus,http://a.espncdn.com/i/teamlogos/ncaa/500/2017.png,Other,#ffffff,#ffffff
American International,http://a.espncdn.com/i/teamlogos/ncaa/500/2022.png,Other,#000000,#ffffff
Amherst College,http://a.espncdn.com/i/teamlogos/ncaa/500/7.png,Other,#000000,#ffffff
Anderson (IN),http://a.espncdn.com/i/teamlogos/ncaa/500/2023.png,Other,#000000,#ffffff
Arkansas-Pine Bluff,http://a.espncdn.com/i/teamlogos/ncaa/500/2029.png,FCS,#e0aa0f,#eaaa00
Arkansas Tech,http://a.espncdn.com/i/teamlogos/ncaa/500/2033.png,Other,#000000,#ffffff
Austin Peay,http://a.espncdn.com/i/teamlogos/ncaa/500/2046.png,FCS,#8e0b0b,#ffffff
Bemidji State,http://a.espncdn.com/i/teamlogos/ncaa/500/132.png,Other,#000000,#ffffff
Bentley,http://a.espncdn.com/i/teamlogos/ncaa/500/2060.png,Other,#000000,#ffffff
Bethel (TN),http://a.espncdn.com/i/teamlogos/ncaa/500/2064.png,Other,#000000,#ffffff
Bethune-Cookman,http://a.espncdn.com/i/teamlogos/ncaa/500/2065.png,FCS,#7b1831,#e9aa12
Bloomsburg,http://a.espncdn.com/i/teamlogos/ncaa/500/2071.png,Other,#000000,#ffffff
Bridgewater (VA),http://a.espncdn.com/i/teamlogos/ncaa/500/2079.png,Other,#000000,#ffffff
Brown,http://a.espncdn.com/i/teamlogos/ncaa/500/225.png,FCS,#411e09,#949300
Bryant,http://a.espncdn.com/i/teamlogos/ncaa/500/2803.png,FCS,#000000,#9f8343
Bucknell,http://a.espncdn.com/i/teamlogos/ncaa/500/2083.png,FCS,#000060,#00316e
Butler,http://a.espncdn.com/i/teamlogos/ncaa/500/2086.png,FCS,#0d1361,#00a3e0
California (PA),http://a.espncdn.com/i/teamlogos/ncaa/500/2858.png,Other,#000000,#ffffff
Cal Poly,http://a.espncdn.com/i/teamlogos/ncaa/500/13.png,FCS,#1E4D2B,#eed897
Campbell,http://a.espncdn.com/i/teamlogos/ncaa/500/2097.png,FCS,#000000,#ffffff
Carroll (WI),http://a.espncdn.com/i/teamlogos/ncaa/500/32.png,Other,#000000,#ffffff
Central Arkansas,http://a.espncdn.com/i/teamlogos/ncaa/500/2110.png,FCS,#a7a9ac,#8e959a
Central Connecticut,http://a.espncdn.com/i/teamlogos/ncaa/500/2115.png,FCS,#1B49A2,#d1d5d8
Central Washington,http://a.espncdn.com/i/teamlogos/ncaa/500/2120.png,Other,#000000,#ffffff
Charleston Southern,http://a.espncdn.com/i/teamlogos/ncaa/500/2127.png,FCS,#2e3192,#ded090
Chattanooga,http://a.espncdn.com/i/teamlogos/ncaa/500/236.png,FCS,#00386b,#dca71d
Claremont,http://a.espncdn.com/i/teamlogos/ncaa/500/17.png,Other,#000000,#ffffff
Clarion,http://a.espncdn.com/i/teamlogos/ncaa/500/2134.png,Other,#000000,#ffffff
Colby,http://a.espncdn.com/i/teamlogos/ncaa/500/33.png,Other,#000000,#ffffff
Colgate,http://a.espncdn.com/i/teamlogos/ncaa/500/2142.png,FCS,#8B011D,#231f20
Colorado College,http://a.espncdn.com/i/teamlogos/ncaa/500/2144.png,Other,#000000,#ffffff
Columbia,http://a.espncdn.com/i/teamlogos/ncaa/500/171.png,FCS,#174785,#004b85
Concord,http://a.espncdn.com/i/teamlogos/ncaa/500/2148.png,Other,#000000,#ffffff
Cornell,http://a.espncdn.com/i/teamlogos/ncaa/500/172.png,FCS,#d60027,#101010
Dakota State,http://a.espncdn.com/i/teamlogos/ncaa/500/512.png,Other,#000000,#ffffff
Dartmouth,http://a.espncdn.com/i/teamlogos/ncaa/500/159.png,FCS,#005730,#000000
Davidson,http://a.espncdn.com/i/teamlogos/ncaa/500/2166.png,FCS,#000000,#e51837
Dayton,http://a.espncdn.com/i/teamlogos/ncaa/500/2168.png,FCS,#004B8D,#ffffff
Delaware,http://a.espncdn.com/i/teamlogos/ncaa/500/48.png,FCS,#033594,#e8ce31
Delaware State,http://a.espncdn.com/i/teamlogos/ncaa/500/2169.png,FCS,#FF3630,#009cdd
Delta State,http://a.espncdn.com/i/teamlogos/ncaa/500/2170.png,Other,#000000,#ffffff
Drake,http://a.espncdn.com/i/teamlogos/ncaa/500/2181.png,FCS,#004477,#c0c0c0
Duquesne,http://a.espncdn.com/i/teamlogos/ncaa/500/2184.png,FCS,#002D62,#b90b2e
Eastern Illinois,http://a.espncdn.com/i/teamlogos/ncaa/500/2197.png,FCS,#000000,#bebab9
Eastern Kentucky,http://a.espncdn.com/i/teamlogos/ncaa/500/2198.png,FCS,#660819,#f0f0f0
Eastern Washington,http://a.espncdn.com/i/teamlogos/ncaa/500/331.png,FCS,#a10022,#abb4bc
East Stroudsburg,http://a.espncdn.com/i/teamlogos/ncaa/500/2188.png,Other,#000000,#ffffff
East Tennessee State,http://a.espncdn.com/i/teamlogos/ncaa/500/2193.png,FCS,#002d61,#ffc423
Edinboro,http://a.espncdn.com/i/teamlogos/ncaa/500/2205.png,Other,#000000,#ffffff
Elon,http://a.espncdn.com/i/teamlogos/ncaa/500/2210.png,FCS,#020303,#b59a57
Ferris State,http://a.espncdn.com/i/teamlogos/ncaa/500/2222.png,Other,#000000,#ffffff
Florida A&M,http://a.espncdn.com/i/teamlogos/ncaa/500/50.png,FCS,#F89728,#00843d
Florida Tech,http://a.espncdn.com/i/teamlogos/ncaa/500/53.png,Other,#000000,#ffffff
Fordham,http://a.espncdn.com/i/teamlogos/ncaa/500/2230.png,FCS,#830032,#909090
Furman,http://a.espncdn.com/i/teamlogos/ncaa/500/231.png,FCS,#4A2184,#909090
Gannon,http://a.espncdn.com/i/teamlogos/ncaa/500/367.png,Other,#000000,#ffffff
Gardner-Webb,http://a.espncdn.com/i/teamlogos/ncaa/500/2241.png,FCS,#c12535,#909090
George Mason,http://a.espncdn.com/i/teamlogos/ncaa/500/2244.png,Other,#016600,#ecb010
Georgetown,http://a.espncdn.com/i/teamlogos/ncaa/500/46.png,FCS,#110E42,#001c58
Graceland University,http://a.espncdn.com/i/teamlogos/ncaa/500/530.png,Other,#000000,#ffffff
Grambling,http://a.espncdn.com/i/teamlogos/ncaa/500/2755.png,FCS,#ee8601,#ffd10a
Grand Valley State,http://a.espncdn.com/i/teamlogos/ncaa/500/125.png,Other,#000000,#ffffff
Hampton,http://a.espncdn.com/i/teamlogos/ncaa/500/2261.png,FCS,#0067AC,#ffffff
Harding,http://a.espncdn.com/i/teamlogos/ncaa/500/2264.png,Other,#000000,#ffffff
Harvard,http://a.espncdn.com/i/teamlogos/ncaa/500/108.png,FCS,#990000,#dbdbdb
Henderson State,http://a.espncdn.com/i/teamlogos/ncaa/500/2271.png,Other,#000000,#ffffff
Holy Cross,http://a.espncdn.com/i/teamlogos/ncaa/500/107.png,FCS,#0a0a0a,#080808
Houston Baptist,http://a.espncdn.com/i/teamlogos/ncaa/500/2277.png,FCS,#00539c,#ffffff
Howard,http://a.espncdn.com/i/teamlogos/ncaa/500/47.png,FCS,#9e0b0e,#6b818d
Idaho,http://a.espncdn.com/i/teamlogos/ncaa/500/70.png,FCS,#000000,#8c6e4a
Idaho State,http://a.espncdn.com/i/teamlogos/ncaa/500/304.png,FCS,#ef8c00,#e9a126
Illinois State,http://a.espncdn.com/i/teamlogos/ncaa/500/2287.png,FCS,#CE1126,#ffe716
Incarnate Word,http://a.espncdn.com/i/teamlogos/ncaa/500/2916.png,FCS,#000000,#080808
Indiana (PA),http://a.espncdn.com/i/teamlogos/ncaa/500/2291.png,Other,#000000,#ffffff
Indiana State,http://a.espncdn.com/i/teamlogos/ncaa/500/282.png,FCS,#00669a,#f0f0f0
Jackson State,http://a.espncdn.com/i/teamlogos/ncaa/500/2296.png,FCS,#123297,#b5b7ba
Jacksonville,http://a.espncdn.com/i/teamlogos/ncaa/500/294.png,Other,#00523e,#ffffff
Jacksonville State,http://a.espncdn.com/i/teamlogos/ncaa/500/55.png,FCS,#b50500,#b5b7ba
James Madison,http://a.espncdn.com/i/teamlogos/ncaa/500/256.png,FCS,#450084,#cbb778
Kennesaw State,http://a.espncdn.com/i/teamlogos/ncaa/500/338.png,FCS,#000000,#fdbb30
Kentucky State,http://a.espncdn.com/i/teamlogos/ncaa/500/2310.png,Other,#000000,#ffffff
Kutztown,http://a.espncdn.com/i/teamlogos/ncaa/500/2315.png,Other,#000000,#ffffff
Lafayette,http://a.espncdn.com/i/teamlogos/ncaa/500/322.png,FCS,#790000,#a59474
Lamar,http://a.espncdn.com/i/teamlogos/ncaa/500/2320.png,FCS,#000000,#ebebeb
Lehigh,http://a.espncdn.com/i/teamlogos/ncaa/500/2329.png,FCS,#6c2b2a,#b69e70
Lenoir-Rhyne,http://a.espncdn.com/i/teamlogos/ncaa/500/2331.png,Other,#000000,#ffffff
Lock Haven,http://a.espncdn.com/i/teamlogos/ncaa/500/209.png,Other,#000000,#ffffff
Maine,http://a.espncdn.com/i/teamlogos/ncaa/500/311.png,FCS,#127dbe,#ffffff
Marist,http://a.espncdn.com/i/teamlogos/ncaa/500/2368.png,FCS,#e53730,#f0f0f0
Mars Hill,http://a.espncdn.com/i/teamlogos/ncaa/500/2369.png,Other,#000000,#ffffff
McNeese,http://a.espncdn.com/i/teamlogos/ncaa/500/2377.png,FCS,#00529C,#ffffff
Mercer,http://a.espncdn.com/i/teamlogos/ncaa/500/2382.png,FCS,#ff7f29,#080808
Mercyhurst,http://a.espncdn.com/i/teamlogos/ncaa/500/2385.png,Other,#000000,#ffffff
Merrimack,http://a.espncdn.com/i/teamlogos/ncaa/500/2771.png,FCS,#000000,#ffffff
Michigan Tech,http://a.espncdn.com/i/teamlogos/ncaa/500/2392.png,Other,#000000,#ffffff
Millersville,http://a.espncdn.com/i/teamlogos/ncaa/500/210.png,Other,#000000,#ffffff
Minnesota-Duluth,http://a.espncdn.com/i/teamlogos/ncaa/500/134.png,Other,#000000,#ffffff
Minnesota State,http://a.espncdn.com/i/teamlogos/ncaa/500/2364.png,Other,#000000,#ffffff
Minnesota St-Moorhead,http://a.espncdn.com/i/teamlogos/ncaa/500/2817.png,Other,#000000,#ffffff
Mississippi Valley State,http://a.espncdn.com/i/teamlogos/ncaa/500/2400.png,FCS,#005328,#cf2d34
Missouri Baptist,http://a.espncdn.com/i/teamlogos/ncaa/500/2880.png,Other,#ffffff,#ffffff
Missouri State,http://a.espncdn.com/i/teamlogos/ncaa/500/2623.png,FCS,#5F0000,#e8e8e8
Montana,http://a.espncdn.com/i/teamlogos/ncaa/500/149.png,FCS,#751D4A,#666666
Montana State,http://a.espncdn.com/i/teamlogos/ncaa/500/147.png,FCS,#003875,#bf965c
Montana-Western,http://a.espncdn.com/i/teamlogos/ncaa/500/2701.png,Other,#000000,#ffffff
Morehead State,http://a.espncdn.com/i/teamlogos/ncaa/500/2413.png,FCS,#094FA3,#fed91a
Morehouse,http://a.espncdn.com/i/teamlogos/ncaa/500/60.png,Other,#000000,#ffffff
Morgan State,http://a.espncdn.com/i/teamlogos/ncaa/500/2415.png,FCS,#014786,#f47937
Murray State,http://a.espncdn.com/i/teamlogos/ncaa/500/93.png,FCS,#002148,#000e00
Nebraska-Omaha,http://a.espncdn.com/i/teamlogos/ncaa/500/2437.png,Other,#e3193e,#ffffff
New Hampshire,http://a.espncdn.com/i/teamlogos/ncaa/500/160.png,FCS,#004990,#c3c4c6
New Haven,http://a.espncdn.com/i/teamlogos/ncaa/500/2441.png,Other,#000000,#ffffff
New Mexico Highlands,http://a.espncdn.com/i/teamlogos/ncaa/500/2424.png,Other,#000000,#ffffff
Nicholls,http://a.espncdn.com/i/teamlogos/ncaa/500/2447.png,FCS,#C41230,#f0f0f0
Norfolk State,http://a.espncdn.com/i/teamlogos/ncaa/500/2450.png,FCS,#046546,#ffffff
North Alabama,http://a.espncdn.com/i/teamlogos/ncaa/500/2453.png,FCS,#000000,#ffffff
North Carolina A&T,http://a.espncdn.com/i/teamlogos/ncaa/500/2448.png,FCS,#0505aa,#004684
North Carolina Central,http://a.espncdn.com/i/teamlogos/ncaa/500/2428.png,FCS,#880023,#c2c3c0
North Dakota,http://a.espncdn.com/i/teamlogos/ncaa/500/155.png,FCS,#00A26B,#c2c3c0
North Dakota State,http://a.espncdn.com/i/teamlogos/ncaa/500/2449.png,FCS,#01402A,#ffffff
Northern Arizona,http://a.espncdn.com/i/teamlogos/ncaa/500/2464.png,FCS,#003976,#1b3069
Northern Colorado,http://a.espncdn.com/i/teamlogos/ncaa/500/2458.png,FCS,#13558D,#ffc533
Northern Iowa,http://a.espncdn.com/i/teamlogos/ncaa/500/2460.png,FCS,#473282,#ffffff
Northern Michigan,http://a.espncdn.com/i/teamlogos/ncaa/500/128.png,Other,#000000,#ffffff
Northwestern State,http://a.espncdn.com/i/teamlogos/ncaa/500/2466.png,FCS,#492F91,#ed6118
Northwest Missouri State,http://a.espncdn.com/i/teamlogos/ncaa/500/138.png,Other,#000000,#ffffff
Notre Dame College,http://a.espncdn.com/i/teamlogos/ncaa/500/587.png,Other,#000000,#ffffff
Ouachita Baptist,http://a.espncdn.com/i/teamlogos/ncaa/500/2888.png,Other,#000000,#ffffff
Pennsylvania,http://a.espncdn.com/i/teamlogos/ncaa/500/219.png,FCS,#082A74,#a6163d
Portland State,http://a.espncdn.com/i/teamlogos/ncaa/500/2502.png,FCS,#00311e,#ebebeb
Prairie View,http://a.espncdn.com/i/teamlogos/ncaa/500/2504.png,FCS,#4d0960,#ffffff
Presbyterian College,http://a.espncdn.com/i/teamlogos/ncaa/500/2506.png,FCS,#194896,#990134
Princeton,http://a.espncdn.com/i/teamlogos/ncaa/500/163.png,FCS,#ff9408,#080808
Redlands,http://a.espncdn.com/i/teamlogos/ncaa/500/29.png,Other,#000000,#ffffff
Rhode Island,http://a.espncdn.com/i/teamlogos/ncaa/500/227.png,FCS,#3691C6,#5ab3e8
Richmond,http://a.espncdn.com/i/teamlogos/ncaa/500/257.png,FCS,#9e0712,#b90b2e
Robert Morris,http://a.espncdn.com/i/teamlogos/ncaa/500/2523.png,FCS,#00214D,#a21d2b
Rowan,http://a.espncdn.com/i/teamlogos/ncaa/500/2827.png,Other,#000000,#ffffff
Sacramento State,http://a.espncdn.com/i/teamlogos/ncaa/500/16.png,FCS,#00573C,#cdb97d
Sacred Heart,http://a.espncdn.com/i/teamlogos/ncaa/500/2529.png,FCS,#a40012,#c29472
Saginaw Valley,http://a.espncdn.com/i/teamlogos/ncaa/500/129.png,Other,#000000,#ffffff
Samford,http://a.espncdn.com/i/teamlogos/ncaa/500/2535.png,FCS,#005485,#bc0023
Sam Houston State,http://a.espncdn.com/i/teamlogos/ncaa/500/2534.png,FCS,#F78F1E,#f78e1e
San Diego,http://a.espncdn.com/i/teamlogos/ncaa/500/301.png,FCS,#2f99d4,#2f99d4
Savannah State,http://a.espncdn.com/i/teamlogos/ncaa/500/2542.png,Other,#280298,#f78f1e
Seton Hill College,http://a.espncdn.com/i/teamlogos/ncaa/500/611.png,Other,#000000,#ffffff
Shenandoah,http://a.espncdn.com/i/teamlogos/ncaa/500/2828.png,Other,#000000,#ffffff
Shepherd,http://a.espncdn.com/i/teamlogos/ncaa/500/2974.png,Other,#000000,#ffffff
Shippensburg,http://a.espncdn.com/i/teamlogos/ncaa/500/2559.png,Other,#000000,#ffffff
Slippery Rock,http://a.espncdn.com/i/teamlogos/ncaa/500/215.png,Other,#000000,#ffffff
South Carolina State,http://a.espncdn.com/i/teamlogos/ncaa/500/2569.png,FCS,#7d1315,#104897
South Dakota,http://a.espncdn.com/i/teamlogos/ncaa/500/233.png,FCS,#CD1241,#f0f0f0
South Dakota State,http://a.espncdn.com/i/teamlogos/ncaa/500/2571.png,FCS,#005DAB,#c33139
Southeastern Louisiana,http://a.espncdn.com/i/teamlogos/ncaa/500/2545.png,FCS,#007550,#dca008
Southeast Missouri State,http://a.espncdn.com/i/teamlogos/ncaa/500/2546.png,FCS,#cc0000,#080808
Southern,http://a.espncdn.com/i/teamlogos/ncaa/500/2582.png,FCS,#004B97,#ffc82d
Southern Illinois,http://a.espncdn.com/i/teamlogos/ncaa/500/79.png,FCS,#85283D,#c2c3c0
Southern Oregon,http://a.espncdn.com/i/teamlogos/ncaa/500/2584.png,Other,#ffffff,#ffffff
Southern Utah,http://a.espncdn.com/i/teamlogos/ncaa/500/253.png,FCS,#d10000,#c2c3c0
St. Ambrose,http://a.espncdn.com/i/teamlogos/ncaa/500/2591.png,Other,#000000,#ffffff
St. Cloud State,http://a.espncdn.com/i/teamlogos/ncaa/500/2594.png,Other,#000000,#ffffff
Stephen F. Austin,http://a.espncdn.com/i/teamlogos/ncaa/500/2617.png,FCS,#393996,#bec0c2
Stetson,http://a.espncdn.com/i/teamlogos/ncaa/500/56.png,FCS,#18581c,#d49d5d
St Francis (PA),http://a.espncdn.com/i/teamlogos/ncaa/500/2598.png,FCS,#a20012,#ffffff
St. Johns (MN),http://a.espncdn.com/i/teamlogos/ncaa/500/2600.png,Other,#000000,#ffffff
St Lawrence,http://a.espncdn.com/i/teamlogos/ncaa/500/2779.png,Other,#000000,#ffffff
Stony Brook,http://a.espncdn.com/i/teamlogos/ncaa/500/2619.png,FCS,#990000,#ffffff
St. Peter's,http://a.espncdn.com/i/teamlogos/ncaa/500/2612.png,Other,#001555,#ffffff
St. Thomas (MN),http://a.espncdn.com/i/teamlogos/ncaa/500/2900.png,FCS,#000000,#ffffff
Tarleton State,http://a.espncdn.com/i/teamlogos/ncaa/500/2627.png,FCS,#000000,#ffffff
Tennessee State,http://a.espncdn.com/i/teamlogos/ncaa/500/2634.png,FCS,#383C84,#f0f0f0
Tennessee Tech,http://a.espncdn.com/i/teamlogos/ncaa/500/2635.png,FCS,#5A4099,#ffde00
Texas A&M-Commerce,http://a.espncdn.com/i/teamlogos/ncaa/500/2837.png,Other,#000000,#ffffff
Texas Southern,http://a.espncdn.com/i/teamlogos/ncaa/500/2640.png,FCS,#6A0403,#ebebeb
The Citadel,http://a.espncdn.com/i/teamlogos/ncaa/500/2643.png,FCS,#002b5c,#f0f0f0
Towson,http://a.espncdn.com/i/teamlogos/ncaa/500/119.png,FCS,#FFC229,#ffffff
Trinity (IL),http://a.espncdn.com/i/teamlogos/ncaa/500/2652.png,Other,#000000,#ffffff
Tuskegee,http://a.espncdn.com/i/teamlogos/ncaa/500/2657.png,Other,#000000,#ffffff
UC Davis,http://a.espncdn.com/i/teamlogos/ncaa/500/302.png,FCS,#183563,#bc9305
UMass Dartmouth,http://a.espncdn.com/i/teamlogos/ncaa/500/379.png,Other,#000000,#ffffff
UMass Lowell,http://a.espncdn.com/i/teamlogos/ncaa/500/2349.png,Other,#000000,#cf1f2f
UT Martin,http://a.espncdn.com/i/teamlogos/ncaa/500/2630.png,FCS,#FF6700,#102a5c
Valdosta State,http://a.espncdn.com/i/teamlogos/ncaa/500/2673.png,Other,#000000,#ffffff
Valparaiso,http://a.espncdn.com/i/teamlogos/ncaa/500/2674.png,FCS,#794500,#ffffff
Villanova,http://a.espncdn.com/i/teamlogos/ncaa/500/222.png,FCS,#123d7C,#f0f0f0
VMI,http://a.espncdn.com/i/teamlogos/ncaa/500/2678.png,FCS,#E52D37,#eec52b
Wagner,http://a.espncdn.com/i/teamlogos/ncaa/500/2681.png,FCS,#00483A,#ffffff
Washington (MO),http://a.espncdn.com/i/teamlogos/ncaa/500/143.png,Other,#000000,#ffffff
Weber State,http://a.espncdn.com/i/teamlogos/ncaa/500/2692.png,FCS,#18005a,#ebebeb
West Alabama,http://a.espncdn.com/i/teamlogos/ncaa/500/2695.png,Other,#000000,#ffffff
West Chester,http://a.espncdn.com/i/teamlogos/ncaa/500/223.png,Other,#000000,#ffffff
Western Carolina,http://a.espncdn.com/i/teamlogos/ncaa/500/2717.png,FCS,#492F91,#bf9e70
Western Illinois,http://a.espncdn.com/i/teamlogos/ncaa/500/2710.png,FCS,#4e1e8a,#ffc90a
Western Oregon,http://a.espncdn.com/i/teamlogos/ncaa/500/2848.png,Other,#000000,#ffffff
West Texas A&M,http://a.espncdn.com/i/teamlogos/ncaa/500/2704.png,Other,#000000,#ffffff
West Virginia Tech,http://a.espncdn.com/i/teamlogos/ncaa/500/2706.png,Other,#000000,#ffffff
Wheaton College (Ill),http://a.espncdn.com/i/teamlogos/ncaa/500/396.png,Other,#000000,#ffffff
William Jewell College,http://a.espncdn.com/i/teamlogos/ncaa/500/2911.png,Other,#000000,#ffffff
William & Mary,http://a.espncdn.com/i/teamlogos/ncaa/500/2729.png,FCS,#103217,#f6b220
Winston-Salem,http://a.espncdn.com/i/teamlogos/ncaa/500/2736.png,Other,#bb0100,#ffffff
Wisconsin-Platteville,http://a.espncdn.com/i/teamlogos/ncaa/500/272.png,Other,#000000,#ffffff
Wofford,http://a.espncdn.com/i/teamlogos/ncaa/500/2747.png,FCS,#533B23,#f0f0f0
Worcester State College,http://a.espncdn.com/i/teamlogos/ncaa/500/402.png,Other,#000000,#ffffff
Wright State University,http://a.espncdn.com/i/teamlogos/ncaa/500/2750.png,Other,#a36209,#e2b629
Yale,http://a.espncdn.com/i/teamlogos/ncaa/500/43.png,FCS,#004a81,#286dc0
Youngstown State,http://a.espncdn.com/i/teamlogos/ncaa/500/2754.png,FCS,#E51936,#690717
Chowan,http://a.espncdn.com/i/teamlogos/ncaa/500/2804.png,Other,#000000,#ffffff
Dixie State,http://a.espncdn.com/i/teamlogos/ncaa/500/3101.png,FCS,#000000,#ffffff
Hofstra,http://a.espncdn.com/i/teamlogos/ncaa/500/2275.png,Other,#27297c,#f6c934
Northeastern,http://a.espncdn.com/i/teamlogos/ncaa/500/111.png,Other,#cc0001,#c2c3c0
Shorter,http://a.espncdn.com/i/teamlogos/ncaa/500/2560.png,Other,#000000,#ffffff
University of Mary,http://a.espncdn.com/i/teamlogos/ncaa/500/559.png,Other,#000000,#ffffff
Adams St.,https://i.turner.ncaa.com/sites/default/files/images/logos/schools/bgl/adams-st.svg,DII,NA,NA
Alabama A&M,https://i.turner.ncaa.com/sites/default/files/images/logos/schools/bgl/alabama-am.svg,DII,#790000,#ffffff
Albany St. (GA),https://i.turner.ncaa.com/sites/default/files/images/logos/schools/bgl/albany-st-ga.svg,DII,NA,NA
Alderson Broaddus,https://i.turner.ncaa.com/sites/default/files/images/logos/schools/bgl/alderson-broaddus.svg,DII,NA,NA
Allen,https://i.turner.ncaa.com/sites/default/files/images/logos/schools/bgl/allen.svg,DII,NA,NA
American Int'l,https://i.turner.ncaa.com/sites/default/files/images/logos/schools/bgl/american-intl.svg,DII,NA,NA
Angelo St.,https://i.turner.ncaa.com/sites/default/files/images/logos/schools/bgl/angelo-st.svg,DII,NA,NA
Ark.-Monticello,https://i.turner.ncaa.com/sites/default/files/images/logos/schools/bgl/ark-monticello.svg,DII,NA,NA
Arkansas Tech,https://i.turner.ncaa.com/sites/default/files/images/logos/schools/bgl/arkansas-tech.svg,DII,#000000,#ffffff
Ashland,https://i.turner.ncaa.com/sites/default/files/images/logos/schools/bgl/ashland.svg,DII,#000000,#ffffff
Assumption,https://i.turner.ncaa.com/sites/default/files/images/logos/schools/bgl/assumption.svg,DII,#000000,#ffffff
Augustana (SD),https://i.turner.ncaa.com/sites/default/files/images/logos/schools/bgl/augustana-sd.svg,DII,#000000,#ffffff
Barton,https://i.turner.ncaa.com/sites/default/files/images/logos/schools/bgl/barton.svg,DII,NA,NA
Bemidji St.,https://i.turner.ncaa.com/sites/default/files/images/logos/schools/bgl/bemidji-st.svg,DII,NA,NA
Benedict,https://i.turner.ncaa.com/sites/default/files/images/logos/schools/bgl/benedict.svg,DII,#000000,#ffffff
Bentley,https://i.turner.ncaa.com/sites/default/files/images/logos/schools/bgl/bentley.svg,DII,#000000,#ffffff
Black Hills St.,https://i.turner.ncaa.com/sites/default/files/images/logos/schools/bgl/black-hills-st.svg,DII,NA,NA
Bloomsburg,https://i.turner.ncaa.com/sites/default/files/images/logos/schools/bgl/bloomsburg.svg,DII,#000000,#ffffff
Bowie St.,https://i.turner.ncaa.com/sites/default/files/images/logos/schools/bgl/bowie-st.svg,DII,NA,NA
Cal U (PA),https://i.turner.ncaa.com/sites/default/files/images/logos/schools/bgl/california-pa.svg,DII,NA,NA
Carson-Newman,https://i.turner.ncaa.com/sites/default/files/images/logos/schools/bgl/carson-newman.svg,DII,#000000,#ffffff
Catawba,https://i.turner.ncaa.com/sites/default/files/images/logos/schools/bgl/catawba.svg,DII,#000000,#ffffff
Central Mo.,https://i.turner.ncaa.com/sites/default/files/images/logos/schools/bgl/central-mo.svg,DII,NA,NA
Central Okla.,https://i.turner.ncaa.com/sites/default/files/images/logos/schools/bgl/central-okla.svg,DII,NA,NA
Central St. (OH),https://i.turner.ncaa.com/sites/default/files/images/logos/schools/bgl/central-st-oh.svg,DII,NA,NA
Central Wash.,https://i.turner.ncaa.com/sites/default/files/images/logos/schools/bgl/central-wash.svg,DII,NA,NA
Chadron St.,https://i.turner.ncaa.com/sites/default/files/images/logos/schools/bgl/chadron-st.svg,DII,NA,NA
Charleston (WV),https://i.turner.ncaa.com/sites/default/files/images/logos/schools/bgl/charleston-wv.svg,DII,#000000,#ffffff
Chowan,https://i.turner.ncaa.com/sites/default/files/images/logos/schools/bgl/chowan.svg,DII,#000000,#ffffff
Clarion,https://i.turner.ncaa.com/sites/default/files/images/logos/schools/bgl/clarion.svg,DII,#000000,#ffffff
Clark Atlanta,https://i.turner.ncaa.com/sites/default/files/images/logos/schools/bgl/clark-atlanta.svg,DII,#000000,#ffffff
Colo. Sch. of Mines,https://i.turner.ncaa.com/sites/default/files/images/logos/schools/bgl/colorado-mines.svg,DII,NA,NA
Colorado Mesa,https://i.turner.ncaa.com/sites/default/files/images/logos/schools/bgl/colorado-mesa.svg,DII,#000000,#ffffff
Concord,https://i.turner.ncaa.com/sites/default/files/images/logos/schools/bgl/concord.svg,DII,#000000,#ffffff
Concordia-St. Paul,https://i.turner.ncaa.com/sites/default/files/images/logos/schools/bgl/concordia-st-paul.svg,DII,#000000,#ffffff
CSU Pueblo,https://i.turner.ncaa.com/sites/default/files/images/logos/schools/bgl/colorado-st-pueblo.svg,DII,NA,NA
Davenport,https://i.turner.ncaa.com/sites/default/files/images/logos/schools/bgl/davenport.svg,DII,NA,NA
Delta St.,https://i.turner.ncaa.com/sites/default/files/images/logos/schools/bgl/delta-st.svg,DII,NA,NA
East Central,https://i.turner.ncaa.com/sites/default/files/images/logos/schools/bgl/east-central.svg,DII,#000000,#ffffff
East Stroudsburg,https://i.turner.ncaa.com/sites/default/files/images/logos/schools/bgl/east-stroudsburg.svg,DII,#000000,#ffffff
Eastern N.M.,https://i.turner.ncaa.com/sites/default/files/images/logos/schools/bgl/eastern-nm.svg,DII,NA,NA
Edinboro,https://i.turner.ncaa.com/sites/default/files/images/logos/schools/bgl/edinboro.svg,DII,#000000,#ffffff
Edward Waters,https://i.turner.ncaa.com/sites/default/files/images/logos/schools/bgl/edward-waters.svg,DII,#ffffff,#ffffff
Elizabeth City St.,https://i.turner.ncaa.com/sites/default/files/images/logos/schools/bgl/elizabeth-city-st.svg,DII,NA,NA
Emporia St.,https://i.turner.ncaa.com/sites/default/files/images/logos/schools/bgl/emporia-st.svg,DII,NA,NA
Erskine,https://i.turner.ncaa.com/sites/default/files/images/logos/schools/bgl/erskine.svg,DII,#ffffff,#ffffff
Fairmont St.,https://i.turner.ncaa.com/sites/default/files/images/logos/schools/bgl/fairmont-st.svg,DII,NA,NA
Fayetteville St.,https://i.turner.ncaa.com/sites/default/files/images/logos/schools/bgl/fayetteville-st.svg,DII,NA,NA
Ferris St.,https://i.turner.ncaa.com/sites/default/files/images/logos/schools/bgl/ferris-st.svg,DII,NA,NA
Findlay,https://i.turner.ncaa.com/sites/default/files/images/logos/schools/bgl/findlay.svg,DII,#000000,#ffffff
Fort Hays St.,https://i.turner.ncaa.com/sites/default/files/images/logos/schools/bgl/fort-hays-st.svg,DII,NA,NA
Fort Lauderdale,https://i.turner.ncaa.com/sites/default/files/images/logos/schools/bgl/fort-lauderdale.svg,DII,NA,NA
Fort Lewis,https://i.turner.ncaa.com/sites/default/files/images/logos/schools/bgl/fort-lewis.svg,DII,#000000,#ffffff
Fort Valley St.,https://i.turner.ncaa.com/sites/default/files/images/logos/schools/bgl/fort-valley-st.svg,DII,NA,NA
Franklin Pierce,https://i.turner.ncaa.com/sites/default/files/images/logos/schools/bgl/franklin-pierce.svg,DII,NA,NA
Frostburg St.,https://i.turner.ncaa.com/sites/default/files/images/logos/schools/bgl/frostburg-st.svg,DII,NA,NA
Gannon,https://i.turner.ncaa.com/sites/default/files/images/logos/schools/bgl/gannon.svg,DII,#000000,#ffffff
Glenville St.,https://i.turner.ncaa.com/sites/default/files/images/logos/schools/bgl/glenville-st.svg,DII,NA,NA
Grand Valley St.,https://i.turner.ncaa.com/sites/default/files/images/logos/schools/bgl/grand-valley-st.svg,DII,NA,NA
Harding,https://i.turner.ncaa.com/sites/default/files/images/logos/schools/bgl/harding.svg,DII,#000000,#ffffff
Henderson St.,https://i.turner.ncaa.com/sites/default/files/images/logos/schools/bgl/henderson-st.svg,DII,NA,NA
Hillsdale,https://i.turner.ncaa.com/sites/default/files/images/logos/schools/bgl/hillsdale.svg,DII,#000000,#ffffff
Indiana (PA),https://i.turner.ncaa.com/sites/default/files/images/logos/schools/bgl/indiana-pa.svg,DII,#000000,#ffffff
Jackson St.,https://i.turner.ncaa.com/sites/default/files/images/logos/schools/bgl/jackson-st.svg,DII,NA,NA
Johnson C. Smith,https://i.turner.ncaa.com/sites/default/files/images/logos/schools/bgl/johnson-c-smith.svg,DII,NA,NA
Kentucky St.,https://i.turner.ncaa.com/sites/default/files/images/logos/schools/bgl/kentucky-st.svg,DII,NA,NA
Kutztown,https://i.turner.ncaa.com/sites/default/files/images/logos/schools/bgl/kutztown.svg,DII,#000000,#ffffff
Ky. Wesleyan,https://i.turner.ncaa.com/sites/default/files/images/logos/schools/bgl/ky-wesleyan.svg,DII,NA,NA
Lake Erie,https://i.turner.ncaa.com/sites/default/files/images/logos/schools/bgl/lake-erie.svg,DII,NA,NA
Lane,https://i.turner.ncaa.com/sites/default/files/images/logos/schools/bgl/lane.svg,DII,#000000,#ffffff
Lenoir-Rhyne,https://i.turner.ncaa.com/sites/default/files/images/logos/schools/bgl/lenoir-rhyne.svg,DII,#000000,#ffffff
Limestone,https://i.turner.ncaa.com/sites/default/files/images/logos/schools/bgl/limestone.svg,DII,#ffffff,#ffffff
Lincoln (CA),https://i.turner.ncaa.com/sites/default/files/images/logos/schools/bgl/lincoln-ca.svg,DII,NA,NA
Lincoln (MO),https://i.turner.ncaa.com/sites/default/files/images/logos/schools/bgl/lincoln-mo.svg,DII,#000000,#ffffff
Lincoln (PA),https://i.turner.ncaa.com/sites/default/files/images/logos/schools/bgl/lincoln-pa.svg,DII,#000000,#ffffff
Lindenwood,https://i.turner.ncaa.com/sites/default/files/images/logos/schools/bgl/lindenwood-mo.svg,DII,#000000,#ffffff
Livingstone,https://i.turner.ncaa.com/sites/default/files/images/logos/schools/bgl/livingstone.svg,DII,#000000,#ffffff
Lock Haven,https://i.turner.ncaa.com/sites/default/files/images/logos/schools/bgl/lock-haven.svg,DII,#000000,#ffffff
Mars Hill,https://i.turner.ncaa.com/sites/default/files/images/logos/schools/bgl/mars-hill.svg,DII,#000000,#ffffff
Mary,https://i.turner.ncaa.com/sites/default/files/images/logos/schools/bgl/mary.svg,DII,NA,NA
McKendree,https://i.turner.ncaa.com/sites/default/files/images/logos/schools/bgl/mckendree.svg,DII,#000000,#ffffff
Mercyhurst,https://i.turner.ncaa.com/sites/default/files/images/logos/schools/bgl/mercyhurst.svg,DII,#000000,#ffffff
Michigan Tech,https://i.turner.ncaa.com/sites/default/files/images/logos/schools/bgl/michigan-tech.svg,DII,#000000,#ffffff
Midwestern St.,https://i.turner.ncaa.com/sites/default/files/images/logos/schools/bgl/midwestern-st.svg,DII,NA,NA
Miles,https://i.turner.ncaa.com/sites/default/files/images/logos/schools/bgl/miles.svg,DII,#000000,#ffffff
Millersville,https://i.turner.ncaa.com/sites/default/files/images/logos/schools/bgl/millersville.svg,DII,#000000,#ffffff
Minn. Duluth,https://i.turner.ncaa.com/sites/default/files/images/logos/schools/bgl/minn-duluth.svg,DII,NA,NA
Minnesota St.,https://i.turner.ncaa.com/sites/default/files/images/logos/schools/bgl/minn-st-mankato.svg,DII,NA,NA
Minot St.,https://i.turner.ncaa.com/sites/default/files/images/logos/schools/bgl/minot-st.svg,DII,NA,NA
Mississippi Col.,https://i.turner.ncaa.com/sites/default/files/images/logos/schools/bgl/mississippi-col.svg,DII,NA,NA
Missouri S&T,https://i.turner.ncaa.com/sites/default/files/images/logos/schools/bgl/missouri-snt.svg,DII,#000000,#ffffff
Missouri Western,https://i.turner.ncaa.com/sites/default/files/images/logos/schools/bgl/mo-western-st.svg,DII,#000000,#ffffff
Mo. Southern St.,https://i.turner.ncaa.com/sites/default/files/images/logos/schools/bgl/mo-southern-st.svg,DII,NA,NA
Morehouse,https://i.turner.ncaa.com/sites/default/files/images/logos/schools/bgl/morehouse.svg,DII,#000000,#ffffff
MSU Moorhead,https://i.turner.ncaa.com/sites/default/files/images/logos/schools/bgl/minn-st-moorhead.svg,DII,NA,NA
N.M. Highlands,https://i.turner.ncaa.com/sites/default/files/images/logos/schools/bgl/nm-highlands.svg,DII,NA,NA
Neb.-Kearney,https://i.turner.ncaa.com/sites/default/files/images/logos/schools/bgl/neb-kearney.svg,DII,NA,NA
New Haven,https://i.turner.ncaa.com/sites/default/files/images/logos/schools/bgl/new-haven.svg,DII,#000000,#ffffff
Newberry,https://i.turner.ncaa.com/sites/default/files/images/logos/schools/bgl/newberry.svg,DII,#000000,#ffffff
North Greenville,https://i.turner.ncaa.com/sites/default/files/images/logos/schools/bgl/north-greenville.svg,DII,#000000,#ffffff
Northeastern St.,https://i.turner.ncaa.com/sites/default/files/images/logos/schools/bgl/northeastern-st.svg,DII,NA,NA
Northern Mich.,https://i.turner.ncaa.com/sites/default/files/images/logos/schools/bgl/northern-mich.svg,DII,NA,NA
Northern St.,https://i.turner.ncaa.com/sites/default/files/images/logos/schools/bgl/northern-st.svg,DII,NA,NA
Northwest Mo. St.,https://i.turner.ncaa.com/sites/default/files/images/logos/schools/bgl/northwest-mo-st.svg,DII,NA,NA
Northwestern Okla.,https://i.turner.ncaa.com/sites/default/files/images/logos/schools/bgl/northwestern-okla.svg,DII,NA,NA
Northwood,https://i.turner.ncaa.com/sites/default/files/images/logos/schools/bgl/northwood-mi.svg,DII,NA,NA
Notre Dame (OH),https://i.turner.ncaa.com/sites/default/files/images/logos/schools/bgl/notre-dame-oh.svg,DII,NA,NA
Ohio Dominican,https://i.turner.ncaa.com/sites/default/files/images/logos/schools/bgl/ohio-dominican.svg,DII,#ffffff,#ffffff
Okla. Baptist,https://i.turner.ncaa.com/sites/default/files/images/logos/schools/bgl/okla-baptist.svg,DII,NA,NA
Ouachita Baptist,https://i.turner.ncaa.com/sites/default/files/images/logos/schools/bgl/ouachita-baptist.svg,DII,#000000,#ffffff
Pace,https://i.turner.ncaa.com/sites/default/files/images/logos/schools/bgl/pace.svg,DII,#000000,#ffffff
Pittsburg St.,https://i.turner.ncaa.com/sites/default/files/images/logos/schools/bgl/pittsburg-st.svg,DII,NA,NA
Quincy,https://i.turner.ncaa.com/sites/default/files/images/logos/schools/bgl/quincy.svg,DII,#000000,#ffffff
Saginaw Valley,https://i.turner.ncaa.com/sites/default/files/images/logos/schools/bgl/saginaw-valley.svg,DII,#000000,#ffffff
Saint Augustine's,https://i.turner.ncaa.com/sites/default/files/images/logos/schools/bgl/st-augustines.svg,DII,NA,NA
Savannah St.,https://i.turner.ncaa.com/sites/default/files/images/logos/schools/bgl/savannah-st.svg,DII,NA,NA
Seton Hill,https://i.turner.ncaa.com/sites/default/files/images/logos/schools/bgl/seton-hill.svg,DII,NA,NA
Shaw,https://i.turner.ncaa.com/sites/default/files/images/logos/schools/bgl/shaw.svg,DII,#000000,#ffffff
Shepherd,https://i.turner.ncaa.com/sites/default/files/images/logos/schools/bgl/shepherd.svg,DII,#000000,#ffffff
Shippensburg,https://i.turner.ncaa.com/sites/default/files/images/logos/schools/bgl/shippensburg.svg,DII,#000000,#ffffff
Shorter,https://i.turner.ncaa.com/sites/default/files/images/logos/schools/bgl/shorter.svg,DII,#000000,#ffffff
Simon Fraser,https://i.turner.ncaa.com/sites/default/files/images/logos/schools/bgl/simon-fraser.svg,DII,#000000,#ffffff
Sioux Falls,https://i.turner.ncaa.com/sites/default/files/images/logos/schools/bgl/sioux-falls.svg,DII,#000000,#ffffff
Slippery Rock,https://i.turner.ncaa.com/sites/default/files/images/logos/schools/bgl/slippery-rock.svg,DII,#000000,#ffffff
South Dakota Mines,https://i.turner.ncaa.com/sites/default/files/images/logos/schools/bgl/south-dakota-mines.svg,DII,#000000,#ffffff
Southeastern Okla.,https://i.turner.ncaa.com/sites/default/files/images/logos/schools/bgl/southeastern-okla.svg,DII,NA,NA
Southern Ark.,https://i.turner.ncaa.com/sites/default/files/images/logos/schools/bgl/southern-ark.svg,DII,NA,NA
Southern Conn. St.,https://i.turner.ncaa.com/sites/default/files/images/logos/schools/bgl/southern-conn-st.svg,DII,NA,NA
Southern Nazarene,https://i.turner.ncaa.com/sites/default/files/images/logos/schools/bgl/southern-nazarene.svg,DII,#000000,#ffffff
Southwest Baptist,https://i.turner.ncaa.com/sites/default/files/images/logos/schools/bgl/southwest-baptist.svg,DII,#000000,#ffffff
Southwest Minn. St.,https://i.turner.ncaa.com/sites/default/files/images/logos/schools/bgl/southwest-minn-st.svg,DII,NA,NA
Southwestern Okla.,https://i.turner.ncaa.com/sites/default/files/images/logos/schools/bgl/southwestern-okla.svg,DII,NA,NA
St. Anselm,https://i.turner.ncaa.com/sites/default/files/images/logos/schools/bgl/st-anselm.svg,DII,#000000,#ffffff
Stonehill,https://i.turner.ncaa.com/sites/default/files/images/logos/schools/bgl/stonehill.svg,DII,#000000,#ffffff
Tarleton St.,https://i.turner.ncaa.com/sites/default/files/images/logos/schools/bgl/tarleton-st.svg,DII,NA,NA
Tex. A&M-Commerce,https://i.turner.ncaa.com/sites/default/files/images/logos/schools/bgl/tex-am-commerce.svg,DII,NA,NA
Tex. A&M-Kingsville,https://i.turner.ncaa.com/sites/default/files/images/logos/schools/bgl/tex-am-kingsville.svg,DII,NA,NA
Tex. Permian Basin,https://i.turner.ncaa.com/sites/default/files/images/logos/schools/bgl/tex-permian-basin.svg,DII,NA,NA
Texas Col.,https://i.turner.ncaa.com/sites/default/files/images/logos/schools/bgl/texas-college.svg,DII,NA,NA
Tiffin,https://i.turner.ncaa.com/sites/default/files/images/logos/schools/bgl/tiffin.svg,DII,#000000,#ffffff
Truman,https://i.turner.ncaa.com/sites/default/files/images/logos/schools/bgl/truman.svg,DII,NA,NA
Tusculum,https://i.turner.ncaa.com/sites/default/files/images/logos/schools/bgl/tusculum.svg,DII,#000000,#ffffff
Tuskegee,https://i.turner.ncaa.com/sites/default/files/images/logos/schools/bgl/tuskegee.svg,DII,#000000,#ffffff
UIndy,https://i.turner.ncaa.com/sites/default/files/images/logos/schools/bgl/indianapolis.svg,DII,NA,NA
UNC Pembroke,https://i.turner.ncaa.com/sites/default/files/images/logos/schools/bgl/unc-pembroke.svg,DII,#000000,#ffffff
Upper Iowa,https://i.turner.ncaa.com/sites/default/files/images/logos/schools/bgl/upper-iowa.svg,DII,#000000,#ffffff
UVa-Wise,https://i.turner.ncaa.com/sites/default/files/images/logos/schools/bgl/uva-wise.svg,DII,NA,NA
Valdosta St.,https://i.turner.ncaa.com/sites/default/files/images/logos/schools/bgl/valdosta-st.svg,DII,NA,NA
Virginia St.,https://i.turner.ncaa.com/sites/default/files/images/logos/schools/bgl/virginia-st.svg,DII,NA,NA
Virginia Union,https://i.turner.ncaa.com/sites/default/files/images/logos/schools/bgl/virginia-union.svg,DII,#000000,#ffffff
Virginia-Lynchburg,https://i.turner.ncaa.com/sites/default/files/images/logos/schools/bgl/virginia-lynchburg.svg,DII,NA,NA
Walsh,https://i.turner.ncaa.com/sites/default/files/images/logos/schools/bgl/walsh.svg,DII,#000000,#ffffff
Washburn,https://i.turner.ncaa.com/sites/default/files/images/logos/schools/bgl/washburn.svg,DII,#000000,#ffffff
Wayne St. (MI),https://i.turner.ncaa.com/sites/default/files/images/logos/schools/bgl/wayne-st-mi.svg,DII,NA,NA
Wayne St. (NE),https://i.turner.ncaa.com/sites/default/files/images/logos/schools/bgl/wayne-st-ne.svg,DII,NA,NA
West Ala.,https://i.turner.ncaa.com/sites/default/files/images/logos/schools/bgl/west-ala.svg,DII,NA,NA
West Chester,https://i.turner.ncaa.com/sites/default/files/images/logos/schools/bgl/west-chester.svg,DII,#000000,#ffffff
West Florida,https://i.turner.ncaa.com/sites/default/files/images/logos/schools/bgl/west-florida.svg,DII,#ffffff,#ffffff
West Ga.,https://i.turner.ncaa.com/sites/default/files/images/logos/schools/bgl/west-ga.svg,DII,NA,NA
West Liberty,https://i.turner.ncaa.com/sites/default/files/images/logos/schools/bgl/west-liberty.svg,DII,#000000,#ffffff
West Tex. A&M,https://i.turner.ncaa.com/sites/default/files/images/logos/schools/bgl/west-tex-am.svg,DII,NA,NA
West Va. Wesleyan,https://i.turner.ncaa.com/sites/default/files/images/logos/schools/bgl/west-va-wesleyan.svg,DII,NA,NA
West Virginia St.,https://i.turner.ncaa.com/sites/default/files/images/logos/schools/bgl/west-virginia-st.svg,DII,NA,NA
Western Colo.,https://i.turner.ncaa.com/sites/default/files/images/logos/schools/bgl/western-st.svg,DII,NA,NA
Western N.M.,https://i.turner.ncaa.com/sites/default/files/images/logos/schools/bgl/western-nm.svg,DII,NA,NA
Western Ore.,https://i.turner.ncaa.com/sites/default/files/images/logos/schools/bgl/western-ore.svg,DII,NA,NA
Wheeling,https://i.turner.ncaa.com/sites/default/files/images/logos/schools/bgl/wheeling-jesuit.svg,DII,NA,NA
William Jewell,https://i.turner.ncaa.com/sites/default/files/images/logos/schools/bgl/william-jewell.svg,DII,#ffffff,#ffffff
Wingate,https://i.turner.ncaa.com/sites/default/files/images/logos/schools/bgl/wingate.svg,DII,#000000,#ffffff
Winona St.,https://i.turner.ncaa.com/sites/default/files/images/logos/schools/bgl/winona-st.svg,DII,NA,NA
Winston-Salem,https://i.turner.ncaa.com/sites/default/files/images/logos/schools/bgl/winston-salem.svg,DII,#bb0100,#ffffff
Adrian,https://raw.githubusercontent.com/Kazink36/cfbplotR/master/data-raw/dIII/Adrian.jpg,DIII,#000000,#ffffff
Albion,https://raw.githubusercontent.com/Kazink36/cfbplotR/master/data-raw/dIII/Albion.jpg,DIII,#000000,#ffffff
Albright,https://raw.githubusercontent.com/Kazink36/cfbplotR/master/data-raw/dIII/Albright.jpg,DIII,#000000,#ffffff
Alfred State,https://raw.githubusercontent.com/Kazink36/cfbplotR/master/data-raw/dIII/Alfred%20State.jpg,DIII,NA,NA
Alfred,https://raw.githubusercontent.com/Kazink36/cfbplotR/master/data-raw/dIII/Alfred.jpg,DIII,#000000,#ffffff
Allegheny,https://raw.githubusercontent.com/Kazink36/cfbplotR/master/data-raw/dIII/Allegheny.jpg,DIII,#000000,#ffffff
Alma,https://raw.githubusercontent.com/Kazink36/cfbplotR/master/data-raw/dIII/Alma.jpg,DIII,#ffffff,#ffffff
Alvernia,https://raw.githubusercontent.com/Kazink36/cfbplotR/master/data-raw/dIII/Alvernia.jpg,DIII,NA,NA
Amherst,https://raw.githubusercontent.com/Kazink36/cfbplotR/master/data-raw/dIII/Amherst.jpg,DIII,NA,NA
Anderson,https://raw.githubusercontent.com/Kazink36/cfbplotR/master/data-raw/dIII/Anderson.jpg,DIII,#ffffff,#ffffff
Anna Maria,https://raw.githubusercontent.com/Kazink36/cfbplotR/master/data-raw/dIII/Anna%20Maria.jpg,DIII,NA,NA
Augsburg,https://raw.githubusercontent.com/Kazink36/cfbplotR/master/data-raw/dIII/Augsburg.jpg,DIII,#000000,#ffffff
Augustana,https://raw.githubusercontent.com/Kazink36/cfbplotR/master/data-raw/dIII/Augustana.jpg,DIII,NA,NA
Aurora,https://raw.githubusercontent.com/Kazink36/cfbplotR/master/data-raw/dIII/Aurora.jpg,DIII,#000000,#ffffff
Austin,https://raw.githubusercontent.com/Kazink36/cfbplotR/master/data-raw/dIII/Austin.jpg,DIII,#ffffff,#ffffff
Averett,https://raw.githubusercontent.com/Kazink36/cfbplotR/master/data-raw/dIII/Averett.jpg,DIII,#000000,#ffffff
Baldwin Wallace,https://raw.githubusercontent.com/Kazink36/cfbplotR/master/data-raw/dIII/Baldwin%20Wallace.jpg,DIII,NA,NA
Bates,https://raw.githubusercontent.com/Kazink36/cfbplotR/master/data-raw/dIII/Bates.jpg,DIII,NA,NA
Beloit,https://raw.githubusercontent.com/Kazink36/cfbplotR/master/data-raw/dIII/Beloit.jpg,DIII,NA,NA
Benedictine,https://raw.githubusercontent.com/Kazink36/cfbplotR/master/data-raw/dIII/Benedictine.jpg,DIII,NA,NA
Berry,https://raw.githubusercontent.com/Kazink36/cfbplotR/master/data-raw/dIII/Berry.jpg,DIII,NA,NA
Bethany,https://raw.githubusercontent.com/Kazink36/cfbplotR/master/data-raw/dIII/Bethany.jpg,DIII,NA,NA
Bethel,https://raw.githubusercontent.com/Kazink36/cfbplotR/master/data-raw/dIII/Bethel.jpg,DIII,#ffffff,#ffffff
Birmingham-Southern,https://raw.githubusercontent.com/Kazink36/cfbplotR/master/data-raw/dIII/Birmingham-Southern.jpg,DIII,#000000,#ffffff
Bluffton,https://raw.githubusercontent.com/Kazink36/cfbplotR/master/data-raw/dIII/Bluffton.jpg,DIII,#000000,#ffffff
Bowdoin,https://raw.githubusercontent.com/Kazink36/cfbplotR/master/data-raw/dIII/Bowdoin.jpg,DIII,#000000,#ffffff
Brevard,https://raw.githubusercontent.com/Kazink36/cfbplotR/master/data-raw/dIII/Brevard.jpg,DIII,NA,NA
Bridgewater State,https://raw.githubusercontent.com/Kazink36/cfbplotR/master/data-raw/dIII/Bridgewater%20State.jpg,DIII,#000000,#ffffff
Bridgewater,https://raw.githubusercontent.com/Kazink36/cfbplotR/master/data-raw/dIII/Bridgewater.jpg,DIII,#ffffff,#ffffff
Brockport,https://raw.githubusercontent.com/Kazink36/cfbplotR/master/data-raw/dIII/Brockport.jpg,DIII,NA,NA
Buena Vista,https://raw.githubusercontent.com/Kazink36/cfbplotR/master/data-raw/dIII/Buena%20Vista.jpg,DIII,#000000,#ffffff
Buffalo State,https://raw.githubusercontent.com/Kazink36/cfbplotR/master/data-raw/dIII/Buffalo%20State.jpg,DIII,#000000,#ffffff
Cal Lutheran,https://raw.githubusercontent.com/Kazink36/cfbplotR/master/data-raw/dIII/Cal%20Lutheran.jpg,DIII,#000000,#ffffff
Capital,https://raw.githubusercontent.com/Kazink36/cfbplotR/master/data-raw/dIII/Capital.jpg,DIII,#000000,#ffffff
Carleton,https://raw.githubusercontent.com/Kazink36/cfbplotR/master/data-raw/dIII/Carleton.jpg,DIII,#000000,#ffffff
Carnegie Mellon,https://raw.githubusercontent.com/Kazink36/cfbplotR/master/data-raw/dIII/Carnegie%20Mellon.jpg,DIII,#000000,#ffffff
Carroll,https://raw.githubusercontent.com/Kazink36/cfbplotR/master/data-raw/dIII/Carroll.jpg,DIII,NA,NA
Carthage,https://raw.githubusercontent.com/Kazink36/cfbplotR/master/data-raw/dIII/Carthage.jpg,DIII,#000000,#ffffff
Case Western Reserve,https://raw.githubusercontent.com/Kazink36/cfbplotR/master/data-raw/dIII/Case%20Western%20Reserve.jpg,DIII,#000000,#ffffff
Castleton,https://raw.githubusercontent.com/Kazink36/cfbplotR/master/data-raw/dIII/Castleton.jpg,DIII,NA,NA
Catholic,https://raw.githubusercontent.com/Kazink36/cfbplotR/master/data-raw/dIII/Catholic.jpg,DIII,#ffffff,#ffffff
Central,https://raw.githubusercontent.com/Kazink36/cfbplotR/master/data-raw/dIII/Central.jpg,DIII,#000000,#ffffff
Centre,https://raw.githubusercontent.com/Kazink36/cfbplotR/master/data-raw/dIII/Centre.jpg,DIII,#000000,#ffffff
Chapman,https://raw.githubusercontent.com/Kazink36/cfbplotR/master/data-raw/dIII/Chapman.jpg,DIII,#000000,#ffffff
Chicago,https://raw.githubusercontent.com/Kazink36/cfbplotR/master/data-raw/dIII/Chicago.jpg,DIII,#000000,#ffffff
Christopher Newport,https://raw.githubusercontent.com/Kazink36/cfbplotR/master/data-raw/dIII/Christopher%20Newport.jpg,DIII,#000000,#ffffff
Claremont-Mudd-Scripps,https://raw.githubusercontent.com/Kazink36/cfbplotR/master/data-raw/dIII/Claremont-Mudd-Scripps.jpg,DIII,#87212e,#e0ad12
Cortland,https://raw.githubusercontent.com/Kazink36/cfbplotR/master/data-raw/dIII/Cortland.jpg,DIII,NA,NA
Crown,https://raw.githubusercontent.com/Kazink36/cfbplotR/master/data-raw/dIII/Crown.jpg,DIII,NA,NA
Curry,https://raw.githubusercontent.com/Kazink36/cfbplotR/master/data-raw/dIII/Curry.jpg,DIII,#000000,#ffffff
Dean,https://raw.githubusercontent.com/Kazink36/cfbplotR/master/data-raw/dIII/Dean.jpg,DIII,NA,NA
Defiance,https://raw.githubusercontent.com/Kazink36/cfbplotR/master/data-raw/dIII/Defiance.jpg,DIII,#000000,#ffffff
Delaware Valley,https://raw.githubusercontent.com/Kazink36/cfbplotR/master/data-raw/dIII/Delaware%20Valley.jpg,DIII,#000000,#ffffff
Denison,https://raw.githubusercontent.com/Kazink36/cfbplotR/master/data-raw/dIII/Denison.jpg,DIII,#000000,#ffffff
DePauw,https://raw.githubusercontent.com/Kazink36/cfbplotR/master/data-raw/dIII/DePauw.jpg,DIII,#000000,#ffffff
Dickinson,https://raw.githubusercontent.com/Kazink36/cfbplotR/master/data-raw/dIII/Dickinson.jpg,DIII,#000000,#ffffff
Dubuque,https://raw.githubusercontent.com/Kazink36/cfbplotR/master/data-raw/dIII/Dubuque.jpg,DIII,#000000,#ffffff
East Texas Baptist,https://raw.githubusercontent.com/Kazink36/cfbplotR/master/data-raw/dIII/East%20Texas%20Baptist.jpg,DIII,#000000,#ffffff
Elmhurst,https://raw.githubusercontent.com/Kazink36/cfbplotR/master/data-raw/dIII/Elmhurst.jpg,DIII,#000000,#ffffff
Emory and Henry,https://raw.githubusercontent.com/Kazink36/cfbplotR/master/data-raw/dIII/Emory%20and%20Henry.jpg,DIII,NA,NA
Endicott,https://raw.githubusercontent.com/Kazink36/cfbplotR/master/data-raw/dIII/Endicott.jpg,DIII,NA,NA
Eureka,https://raw.githubusercontent.com/Kazink36/cfbplotR/master/data-raw/dIII/Eureka.jpg,DIII,#ffffff,#ffffff
FDU-Florham,https://raw.githubusercontent.com/Kazink36/cfbplotR/master/data-raw/dIII/FDU-Florham.jpg,DIII,#000000,#ffffff
Ferrum,https://raw.githubusercontent.com/Kazink36/cfbplotR/master/data-raw/dIII/Ferrum.jpg,DIII,#000000,#ffffff
Finlandia,https://raw.githubusercontent.com/Kazink36/cfbplotR/master/data-raw/dIII/Finlandia.jpg,DIII,NA,NA
Fitchburg State,https://raw.githubusercontent.com/Kazink36/cfbplotR/master/data-raw/dIII/Fitchburg%20State.jpg,DIII,#000000,#ffffff
Framingham State,https://raw.githubusercontent.com/Kazink36/cfbplotR/master/data-raw/dIII/Framingham%20State.jpg,DIII,#000000,#ffffff
Franklin and Marshall,https://raw.githubusercontent.com/Kazink36/cfbplotR/master/data-raw/dIII/Franklin%20and%20Marshall.jpg,DIII,NA,NA
Franklin,https://raw.githubusercontent.com/Kazink36/cfbplotR/master/data-raw/dIII/Franklin.jpg,DIII,#000000,#ffffff
Gallaudet,https://raw.githubusercontent.com/Kazink36/cfbplotR/master/data-raw/dIII/Gallaudet.jpg,DIII,#000000,#ffffff
Geneva,https://raw.githubusercontent.com/Kazink36/cfbplotR/master/data-raw/dIII/Geneva.jpg,DIII,#ffffff,#ffffff
George Fox,https://raw.githubusercontent.com/Kazink36/cfbplotR/master/data-raw/dIII/George%20Fox.jpg,DIII,NA,NA
Gettysburg,https://raw.githubusercontent.com/Kazink36/cfbplotR/master/data-raw/dIII/Gettysburg.jpg,DIII,#000000,#ffffff
Greensboro,https://raw.githubusercontent.com/Kazink36/cfbplotR/master/data-raw/dIII/Greensboro.jpg,DIII,#000000,#ffffff
Greenville,https://raw.githubusercontent.com/Kazink36/cfbplotR/master/data-raw/dIII/Greenville.jpg,DIII,#000000,#ffffff
Grinnell,https://raw.githubusercontent.com/Kazink36/cfbplotR/master/data-raw/dIII/Grinnell.jpg,DIII,#000000,#ffffff
Grove City,https://raw.githubusercontent.com/Kazink36/cfbplotR/master/data-raw/dIII/Grove%20City.jpg,DIII,#ffffff,#ffffff
Guilford,https://raw.githubusercontent.com/Kazink36/cfbplotR/master/data-raw/dIII/Guilford.jpg,DIII,#000000,#ffffff
Gustavus Adolphus,https://raw.githubusercontent.com/Kazink36/cfbplotR/master/data-raw/dIII/Gustavus%20Adolphus.jpg,DIII,#000000,#ffffff
Hamilton,https://raw.githubusercontent.com/Kazink36/cfbplotR/master/data-raw/dIII/Hamilton.jpg,DIII,#000000,#ffffff
Hamline,https://raw.githubusercontent.com/Kazink36/cfbplotR/master/data-raw/dIII/Hamline.jpg,DIII,#000000,#ffffff
Hampden-Sydney,https://raw.githubusercontent.com/Kazink36/cfbplotR/master/data-raw/dIII/Hampden-Sydney.jpg,DIII,#000000,#ffffff
Hanover,https://raw.githubusercontent.com/Kazink36/cfbplotR/master/data-raw/dIII/Hanover.jpg,DIII,#000000,#ffffff
Hardin-Simmons,https://raw.githubusercontent.com/Kazink36/cfbplotR/master/data-raw/dIII/Hardin-Simmons.jpg,DIII,#000000,#ffffff
Hartwick,https://raw.githubusercontent.com/Kazink36/cfbplotR/master/data-raw/dIII/Hartwick.jpg,DIII,#000000,#ffffff
Heidelberg,https://raw.githubusercontent.com/Kazink36/cfbplotR/master/data-raw/dIII/Heidelberg.jpg,DIII,#000000,#ffffff
Hendrix,https://raw.githubusercontent.com/Kazink36/cfbplotR/master/data-raw/dIII/Hendrix.jpg,DIII,NA,NA
Hiram,https://raw.githubusercontent.com/Kazink36/cfbplotR/master/data-raw/dIII/Hiram.jpg,DIII,#000000,#ffffff
Hobart,https://raw.githubusercontent.com/Kazink36/cfbplotR/master/data-raw/dIII/Hobart.jpg,DIII,#000000,#ffffff
Hope,https://raw.githubusercontent.com/Kazink36/cfbplotR/master/data-raw/dIII/Hope.jpg,DIII,#000000,#ffffff
Howard Payne,https://raw.githubusercontent.com/Kazink36/cfbplotR/master/data-raw/dIII/Howard%20Payne.jpg,DIII,#000000,#ffffff
Huntingdon,https://raw.githubusercontent.com/Kazink36/cfbplotR/master/data-raw/dIII/Huntingdon.jpg,DIII,#000000,#ffffff
Husson,https://raw.githubusercontent.com/Kazink36/cfbplotR/master/data-raw/dIII/Husson.jpg,DIII,#000000,#ffffff
Illinois College,https://raw.githubusercontent.com/Kazink36/cfbplotR/master/data-raw/dIII/Illinois%20College.jpg,DIII,#000000,#ffffff
Illinois Wesleyan,https://raw.githubusercontent.com/Kazink36/cfbplotR/master/data-raw/dIII/Illinois%20Wesleyan.jpg,DIII,#000000,#ffffff
Iowa Wesleyan,https://raw.githubusercontent.com/Kazink36/cfbplotR/master/data-raw/dIII/Iowa%20Wesleyan.jpg,DIII,#000000,#ffffff
Ithaca,https://raw.githubusercontent.com/Kazink36/cfbplotR/master/data-raw/dIII/Ithaca.jpg,DIII,#000000,#ffffff
John Carroll,https://raw.githubusercontent.com/Kazink36/cfbplotR/master/data-raw/dIII/John%20Carroll.jpg,DIII,#000000,#ffffff
Johns Hopkins,https://raw.githubusercontent.com/Kazink36/cfbplotR/master/data-raw/dIII/Johns%20Hopkins.jpg,DIII,#000000,#ffffff
Juniata,https://raw.githubusercontent.com/Kazink36/cfbplotR/master/data-raw/dIII/Juniata.jpg,DIII,#000000,#ffffff
Kalamazoo,https://raw.githubusercontent.com/Kazink36/cfbplotR/master/data-raw/dIII/Kalamazoo.jpg,DIII,#000000,#ffffff
Kean,https://raw.githubusercontent.com/Kazink36/cfbplotR/master/data-raw/dIII/Kean.jpg,DIII,#000000,#ffffff
Kenyon,https://raw.githubusercontent.com/Kazink36/cfbplotR/master/data-raw/dIII/Kenyon.jpg,DIII,#000000,#ffffff
Keystone,https://raw.githubusercontent.com/Kazink36/cfbplotR/master/data-raw/dIII/Keystone.jpg,DIII,NA,NA
King's,https://raw.githubusercontent.com/Kazink36/cfbplotR/master/data-raw/dIII/King's.jpg,DIII,NA,NA
Knox,https://raw.githubusercontent.com/Kazink36/cfbplotR/master/data-raw/dIII/Knox.jpg,DIII,NA,NA
La Verne,https://raw.githubusercontent.com/Kazink36/cfbplotR/master/data-raw/dIII/La%20Verne.jpg,DIII,#000000,#ffffff
Manchester,https://raw.githubusercontent.com/Kazink36/cfbplotR/master/data-raw/dIII/Manchester.jpg,DIII,#000000,#ffffff
Marietta,https://raw.githubusercontent.com/Kazink36/cfbplotR/master/data-raw/dIII/Marietta.jpg,DIII,#000000,#ffffff
Martin Luther,https://raw.githubusercontent.com/Kazink36/cfbplotR/master/data-raw/dIII/Martin%20Luther.jpg,DIII,NA,NA
Mary Hardin-Baylor,https://raw.githubusercontent.com/Kazink36/cfbplotR/master/data-raw/dIII/Mary%20Hardin-Baylor.jpg,DIII,#000000,#ffffff
Maryville (Tenn.),https://raw.githubusercontent.com/Kazink36/cfbplotR/master/data-raw/dIII/Maryville%20(Tenn.).jpg,DIII,NA,NA
Mass-Dartmouth,https://raw.githubusercontent.com/Kazink36/cfbplotR/master/data-raw/dIII/Mass-Dartmouth.jpg,DIII,NA,NA
Massachusetts Maritime,https://raw.githubusercontent.com/Kazink36/cfbplotR/master/data-raw/dIII/Massachusetts%20Maritime.jpg,DIII,NA,NA
McDaniel,https://raw.githubusercontent.com/Kazink36/cfbplotR/master/data-raw/dIII/McDaniel.jpg,DIII,#ffffff,#ffffff
McMurry,https://raw.githubusercontent.com/Kazink36/cfbplotR/master/data-raw/dIII/McMurry.jpg,DIII,#000000,#ffffff
Merchant Marine,https://raw.githubusercontent.com/Kazink36/cfbplotR/master/data-raw/dIII/Merchant%20Marine.jpg,DIII,#000000,#ffffff
Methodist,https://raw.githubusercontent.com/Kazink36/cfbplotR/master/data-raw/dIII/Methodist.jpg,DIII,#000000,#ffffff
Middlebury,https://raw.githubusercontent.com/Kazink36/cfbplotR/master/data-raw/dIII/Middlebury.jpg,DIII,#000000,#ffffff
Millikin,https://raw.githubusercontent.com/Kazink36/cfbplotR/master/data-raw/dIII/Millikin.jpg,DIII,#000000,#ffffff
Millsaps,https://raw.githubusercontent.com/Kazink36/cfbplotR/master/data-raw/dIII/Millsaps.jpg,DIII,#000000,#ffffff
Minnesota-Morris,https://raw.githubusercontent.com/Kazink36/cfbplotR/master/data-raw/dIII/Minnesota-Morris.jpg,DIII,#000000,#ffffff
Misericordia,https://raw.githubusercontent.com/Kazink36/cfbplotR/master/data-raw/dIII/Misericordia.jpg,DIII,#000000,#ffffff
MIT,https://raw.githubusercontent.com/Kazink36/cfbplotR/master/data-raw/dIII/MIT.jpg,DIII,#000000,#ffffff
Monmouth,https://raw.githubusercontent.com/Kazink36/cfbplotR/master/data-raw/dIII/Monmouth.jpg,DIII,#051844,#ffffff
Montclair State,https://raw.githubusercontent.com/Kazink36/cfbplotR/master/data-raw/dIII/Montclair%20State.jpg,DIII,#000000,#ffffff
Moravian,https://raw.githubusercontent.com/Kazink36/cfbplotR/master/data-raw/dIII/Moravian.jpg,DIII,#000000,#ffffff
Morrisville State,https://raw.githubusercontent.com/Kazink36/cfbplotR/master/data-raw/dIII/Morrisville%20State.jpg,DIII,#000000,#ffffff
Mount St. Joseph,https://raw.githubusercontent.com/Kazink36/cfbplotR/master/data-raw/dIII/Mount%20St.%20Joseph.jpg,DIII,#000000,#ffffff
Mount Union,https://raw.githubusercontent.com/Kazink36/cfbplotR/master/data-raw/dIII/Mount%20Union.jpg,DIII,#000000,#ffffff
Muhlenberg,https://raw.githubusercontent.com/Kazink36/cfbplotR/master/data-raw/dIII/Muhlenberg.jpg,DIII,#000000,#ffffff
Muskingum,https://raw.githubusercontent.com/Kazink36/cfbplotR/master/data-raw/dIII/Muskingum.jpg,DIII,#000000,#ffffff
N.C. Wesleyan,https://raw.githubusercontent.com/Kazink36/cfbplotR/master/data-raw/dIII/N.C.%20Wesleyan.jpg,DIII,NA,NA
Nebraska Wesleyan,https://raw.githubusercontent.com/Kazink36/cfbplotR/master/data-raw/dIII/Nebraska%20Wesleyan.jpg,DIII,#ffffff,#ffffff
Nichols,https://raw.githubusercontent.com/Kazink36/cfbplotR/master/data-raw/dIII/Nichols.jpg,DIII,#000000,#ffffff
North Central (Ill.),https://raw.githubusercontent.com/Kazink36/cfbplotR/master/data-raw/dIII/North%20Central%20(Ill.).jpg,DIII,NA,NA
North Park,https://raw.githubusercontent.com/Kazink36/cfbplotR/master/data-raw/dIII/North%20Park.jpg,DIII,#000000,#ffffff
Northwestern (Minn.),https://raw.githubusercontent.com/Kazink36/cfbplotR/master/data-raw/dIII/Northwestern%20(Minn.).jpg,DIII,NA,NA
Norwich,https://raw.githubusercontent.com/Kazink36/cfbplotR/master/data-raw/dIII/Norwich.jpg,DIII,#000000,#ffffff
Simpson,https://raw.githubusercontent.com/Kazink36/cfbplotR/master/data-raw/dIII/Simpson.jpg,DIII,NA,NA
Southern Virginia,https://raw.githubusercontent.com/Kazink36/cfbplotR/master/data-raw/dIII/Southern%20Virginia.jpg,DIII,#000000,#ffffff
Southwestern,https://raw.githubusercontent.com/Kazink36/cfbplotR/master/data-raw/dIII/Southwestern.jpg,DIII,NA,NA
Springfield,https://raw.githubusercontent.com/Kazink36/cfbplotR/master/data-raw/dIII/Springfield.jpg,DIII,#000000,#ffffff
St. John Fisher,https://raw.githubusercontent.com/Kazink36/cfbplotR/master/data-raw/dIII/St.%20John%20Fisher.jpg,DIII,#000000,#ffffff
St. John's,https://raw.githubusercontent.com/Kazink36/cfbplotR/master/data-raw/dIII/St.%20John's.jpg,DIII,NA,NA
St. Lawrence,https://raw.githubusercontent.com/Kazink36/cfbplotR/master/data-raw/dIII/St.%20Lawrence.jpg,DIII,#ffffff,#ffffff
St. Norbert,https://raw.githubusercontent.com/Kazink36/cfbplotR/master/data-raw/dIII/St.%20Norbert.jpg,DIII,#000000,#ffffff
St. Olaf,https://raw.githubusercontent.com/Kazink36/cfbplotR/master/data-raw/dIII/St.%20Olaf.jpg,DIII,#ffffff,#ffffff
St. Scholastica,https://raw.githubusercontent.com/Kazink36/cfbplotR/master/data-raw/dIII/St.%20Scholastica.jpg,DIII,#000000,#ffffff
St. Thomas,https://raw.githubusercontent.com/Kazink36/cfbplotR/master/data-raw/dIII/St.%20Thomas.jpg,DIII,#ffffff,#ffffff
St. Vincent,https://raw.githubusercontent.com/Kazink36/cfbplotR/master/data-raw/dIII/St.%20Vincent.jpg,DIII,#000000,#ffffff
Stevenson,https://raw.githubusercontent.com/Kazink36/cfbplotR/master/data-raw/dIII/Stevenson.jpg,DIII,#000000,#ffffff
Sul Ross State,https://raw.githubusercontent.com/Kazink36/cfbplotR/master/data-raw/dIII/Sul%20Ross%20State.jpg,DIII,#000000,#ffffff
SUNY-Maritime,https://raw.githubusercontent.com/Kazink36/cfbplotR/master/data-raw/dIII/SUNY-Maritime.jpg,DIII,NA,NA
Susquehanna,https://raw.githubusercontent.com/Kazink36/cfbplotR/master/data-raw/dIII/Susquehanna.jpg,DIII,#000000,#ffffff
TCNJ,https://raw.githubusercontent.com/Kazink36/cfbplotR/master/data-raw/dIII/TCNJ.jpg,DIII,NA,NA
Texas Lutheran,https://raw.githubusercontent.com/Kazink36/cfbplotR/master/data-raw/dIII/Texas%20Lutheran.jpg,DIII,#000000,#ffffff
Thiel,https://raw.githubusercontent.com/Kazink36/cfbplotR/master/data-raw/dIII/Thiel.jpg,DIII,#ffffff,#ffffff
Trine,https://raw.githubusercontent.com/Kazink36/cfbplotR/master/data-raw/dIII/Trine.jpg,DIII,#000000,#ffffff
Trinity (Conn.),https://raw.githubusercontent.com/Kazink36/cfbplotR/master/data-raw/dIII/Trinity%20(Conn.).jpg,DIII,NA,NA
Trinity (Texas),https://raw.githubusercontent.com/Kazink36/cfbplotR/master/data-raw/dIII/Trinity%20(Texas).jpg,DIII,#ffffff,#ffffff
Tufts,https://raw.githubusercontent.com/Kazink36/cfbplotR/master/data-raw/dIII/Tufts.jpg,DIII,#000000,#ffffff
Union,https://raw.githubusercontent.com/Kazink36/cfbplotR/master/data-raw/dIII/Union.jpg,DIII,#000000,#ffffff
University of New England,https://raw.githubusercontent.com/Kazink36/cfbplotR/master/data-raw/dIII/University%20of%20New%20England.jpg,DIII,NA,NA
Ursinus,https://raw.githubusercontent.com/Kazink36/cfbplotR/master/data-raw/dIII/Ursinus.jpg,DIII,#000000,#ffffff
Utica,https://raw.githubusercontent.com/Kazink36/cfbplotR/master/data-raw/dIII/Utica.jpg,DIII,#000000,#ffffff
UW-Eau Claire,https://raw.githubusercontent.com/Kazink36/cfbplotR/master/data-raw/dIII/UW-Eau%20Claire.jpg,DIII,NA,NA
UW-La Crosse,https://raw.githubusercontent.com/Kazink36/cfbplotR/master/data-raw/dIII/UW-La%20Crosse.jpg,DIII,NA,NA
UW-Oshkosh,https://raw.githubusercontent.com/Kazink36/cfbplotR/master/data-raw/dIII/UW-Oshkosh.jpg,DIII,#000000,#ffffff
UW-Platteville,https://raw.githubusercontent.com/Kazink36/cfbplotR/master/data-raw/dIII/UW-Platteville.jpg,DIII,NA,NA
UW-River Falls,https://raw.githubusercontent.com/Kazink36/cfbplotR/master/data-raw/dIII/UW-River%20Falls.jpg,DIII,#000000,#ffffff
UW-Stevens Point,https://raw.githubusercontent.com/Kazink36/cfbplotR/master/data-raw/dIII/UW-Stevens%20Point.jpg,DIII,NA,NA
UW-Stout,https://raw.githubusercontent.com/Kazink36/cfbplotR/master/data-raw/dIII/UW-Stout.jpg,DIII,#000000,#ffffff
UW-Whitewater,https://raw.githubusercontent.com/Kazink36/cfbplotR/master/data-raw/dIII/UW-Whitewater.jpg,DIII,#000000,#ffffff
Wabash,https://raw.githubusercontent.com/Kazink36/cfbplotR/master/data-raw/dIII/Wabash.jpg,DIII,NA,NA
Wartburg,https://raw.githubusercontent.com/Kazink36/cfbplotR/master/data-raw/dIII/Wartburg.jpg,DIII,#000000,#ffffff
Washington and Jefferson,https://raw.githubusercontent.com/Kazink36/cfbplotR/master/data-raw/dIII/Washington%20and%20Jefferson.jpg,DIII,NA,NA
Washington and Lee,https://raw.githubusercontent.com/Kazink36/cfbplotR/master/data-raw/dIII/Washington%20and%20Lee.jpg,DIII,NA,NA
Washington U.,https://raw.githubusercontent.com/Kazink36/cfbplotR/master/data-raw/dIII/Washington%20U..jpg,DIII,NA,NA
Waynesburg,https://raw.githubusercontent.com/Kazink36/cfbplotR/master/data-raw/dIII/Waynesburg.jpg,DIII,#000000,#ffffff
Wesley,https://raw.githubusercontent.com/Kazink36/cfbplotR/master/data-raw/dIII/Wesley.jpg,DIII,#ffffff,#ffffff
Wesleyan,https://raw.githubusercontent.com/Kazink36/cfbplotR/master/data-raw/dIII/Wesleyan.jpg,DIII,#000000,#ffffff
Western Connecticut,https://raw.githubusercontent.com/Kazink36/cfbplotR/master/data-raw/dIII/Western%20Connecticut.jpg,DIII,NA,NA
Western New England,https://raw.githubusercontent.com/Kazink36/cfbplotR/master/data-raw/dIII/Western%20New%20England.jpg,DIII,#000000,#ffffff
Westfield State,https://raw.githubusercontent.com/Kazink36/cfbplotR/master/data-raw/dIII/Westfield%20State.jpg,DIII,#000000,#ffffff
Westminster (Mo.),https://raw.githubusercontent.com/Kazink36/cfbplotR/master/data-raw/dIII/Westminster%20(Mo.).jpg,DIII,NA,NA
Westminster (Pa.),https://raw.githubusercontent.com/Kazink36/cfbplotR/master/data-raw/dIII/Westminster%20(Pa.).jpg,DIII,NA,NA
Wheaton (Ill.),https://raw.githubusercontent.com/Kazink36/cfbplotR/master/data-raw/dIII/Wheaton%20(Ill.).jpg,DIII,NA,NA
Whittier,https://raw.githubusercontent.com/Kazink36/cfbplotR/master/data-raw/dIII/Whittier.jpg,DIII,#000000,#ffffff
Whitworth,https://raw.githubusercontent.com/Kazink36/cfbplotR/master/data-raw/dIII/Whitworth.jpg,DIII,#000000,#ffffff
Widener,https://raw.githubusercontent.com/Kazink36/cfbplotR/master/data-raw/dIII/Widener.jpg,DIII,#000000,#ffffff
Wilkes,https://raw.githubusercontent.com/Kazink36/cfbplotR/master/data-raw/dIII/Wilkes.jpg,DIII,#000000,#ffffff
Willamette,https://raw.githubusercontent.com/Kazink36/cfbplotR/master/data-raw/dIII/Willamette.jpg,DIII,#000000,#ffffff
William Paterson,https://raw.githubusercontent.com/Kazink36/cfbplotR/master/data-raw/dIII/William%20Paterson.jpg,DIII,#000000,#ffffff
Williams,https://raw.githubusercontent.com/Kazink36/cfbplotR/master/data-raw/dIII/Williams.jpg,DIII,#000000,#ffffff
Wilmington,https://raw.githubusercontent.com/Kazink36/cfbplotR/master/data-raw/dIII/Wilmington.jpg,DIII,#ffffff,#ffffff
Wisconsin Lutheran,https://raw.githubusercontent.com/Kazink36/cfbplotR/master/data-raw/dIII/Wisconsin%20Lutheran.jpg,DIII,#000000,#ffffff
Wittenberg,https://raw.githubusercontent.com/Kazink36/cfbplotR/master/data-raw/dIII/Wittenberg.jpg,DIII,#000000,#ffffff
Wooster,https://raw.githubusercontent.com/Kazink36/cfbplotR/master/data-raw/dIII/Wooster.jpg,DIII,#000000,#ffffff
Worcester State,https://raw.githubusercontent.com/Kazink36/cfbplotR/master/data-raw/dIII/Worcester%20State.jpg,DIII,NA,NA
WPI,https://raw.githubusercontent.com/Kazink36/cfbplotR/master/data-raw/dIII/WPI.jpg,DIII,NA,NA
ACC,https://a.espncdn.com/i/teamlogos/ncaa_conf/500/1.png,Conference,NA,NA
Big 12,https://a.espncdn.com/i/teamlogos/ncaa_conf/500/4.png,Conference,NA,NA
Big Ten,https://a.espncdn.com/i/teamlogos/ncaa_conf/500/5.png,Conference,NA,NA
SEC,https://a.espncdn.com/i/teamlogos/ncaa_conf/500/8.png,Conference,NA,NA
Pac-12,https://a.espncdn.com/i/teamlogos/ncaa_conf/500/9.png,Conference,NA,NA
Conference USA,https://a.espncdn.com/i/teamlogos/ncaa_conf/500/12.png,Conference,NA,NA
Mid-American,https://a.espncdn.com/i/teamlogos/ncaa_conf/500/15.png,Conference,NA,NA
Mountain West,https://a.espncdn.com/i/teamlogos/ncaa_conf/500/17.png,Conference,NA,NA
FBS Independents,https://a.espncdn.com/i/teamlogos/ncaa_conf/500/18.png,Conference,NA,NA
Big Sky,https://a.espncdn.com/i/teamlogos/ncaa_conf/500/20.png,Conference,NA,NA
MVFC,https://a.espncdn.com/i/teamlogos/ncaa_conf/500/21.png,Conference,NA,NA
Ivy,https://a.espncdn.com/i/teamlogos/ncaa_conf/500/22.png,Conference,NA,NA
MEAC,https://a.espncdn.com/i/teamlogos/ncaa_conf/500/24.png,Conference,NA,NA
NEC,https://a.espncdn.com/i/teamlogos/ncaa_conf/500/25.png,Conference,NA,NA
OVC,https://a.espncdn.com/i/teamlogos/ncaa_conf/500/26.png,Conference,NA,NA
Patriot,https://a.espncdn.com/i/teamlogos/ncaa_conf/500/27.png,Conference,NA,NA
Pioneer,https://a.espncdn.com/i/teamlogos/ncaa_conf/500/28.png,Conference,NA,NA
Southern Conference,https://a.espncdn.com/i/teamlogos/ncaa_conf/500/29.png,Conference,NA,NA
Southland,https://a.espncdn.com/i/teamlogos/ncaa_conf/500/30.png,Conference,NA,NA
SWAC,https://a.espncdn.com/i/teamlogos/ncaa_conf/500/31.png,Conference,NA,NA
Sun Belt,https://a.espncdn.com/i/teamlogos/ncaa_conf/500/37.png,Conference,NA,NA
Big South,https://a.espncdn.com/i/teamlogos/ncaa_conf/500/40.png,Conference,NA,NA
CAA,https://a.espncdn.com/i/teamlogos/ncaa_conf/500/48.png,Conference,NA,NA
NCAA,https://upload.wikimedia.org/wikipedia/en/thumb/c/cf/NCAA_football_icon_logo.svg/2560px-NCAA_football_icon_logo.svg.png,Conference,NA,NA
American University,https://a.espncdn.com/i/teamlogos/ncaa/500/44.png,hoopR,#c41130,#c8102e
Bellarmine,https://a.espncdn.com/i/teamlogos/ncaa/500/91.png,hoopR,#000000,#ffffff
Belmont,https://a.espncdn.com/i/teamlogos/ncaa/500/2057.png,hoopR,#182142,#c9262d
Binghamton,https://a.espncdn.com/i/teamlogos/ncaa/500/2066.png,hoopR,#00614A,#f0f0f0
Boston University,https://a.espncdn.com/i/teamlogos/ncaa/500/104.png,hoopR,#cc0000,#ffffff
Bradley,https://a.espncdn.com/i/teamlogos/ncaa/500/71.png,hoopR,#b70002,#c0c0c0
CSU Bakersfield,https://a.espncdn.com/i/teamlogos/ncaa/500/2934.png,hoopR,#003BAB,#ffffff
CSU Fullerton,https://a.espncdn.com/i/teamlogos/ncaa/500/2239.png,hoopR,#003767,#ff8300
CSU Northridge,https://a.espncdn.com/i/teamlogos/ncaa/500/2463.png,hoopR,#b50000,#ffffff
California Baptist,https://a.espncdn.com/i/teamlogos/ncaa/500/2856.png,hoopR,#000000,#ffffff
Canisius,https://a.espncdn.com/i/teamlogos/ncaa/500/2099.png,hoopR,#004a81,#dda50f
Charleston,https://a.espncdn.com/i/teamlogos/ncaa/500/232.png,hoopR,#9c8456,#e4e2dd
Chicago State,https://a.espncdn.com/i/teamlogos/ncaa/500/2130.png,hoopR,#006700,#ffffff
Cleveland State,https://a.espncdn.com/i/teamlogos/ncaa/500/325.png,hoopR,#006633,#231f20
Coppin State,https://a.espncdn.com/i/teamlogos/ncaa/500/2154.png,hoopR,#2e3192,#ffd204
Creighton,https://a.espncdn.com/i/teamlogos/ncaa/500/156.png,hoopR,#13299e,#00235d
DePaul,https://a.espncdn.com/i/teamlogos/ncaa/500/305.png,hoopR,#2d649c,#ce1125
Denver,https://a.espncdn.com/i/teamlogos/ncaa/500/2172.png,hoopR,#9c143d,#d6ba74
Detroit Mercy,https://a.espncdn.com/i/teamlogos/ncaa/500/2174.png,hoopR,#165b9e,#d31733
Drexel,https://a.espncdn.com/i/teamlogos/ncaa/500/2182.png,hoopR,#020260,#ffd65a
Evansville,https://a.espncdn.com/i/teamlogos/ncaa/500/339.png,hoopR,#663399,#ef6f00
Fairfield,https://a.espncdn.com/i/teamlogos/ncaa/500/2217.png,hoopR,#000000,#ebebeb
Fairleigh Dickinson,https://a.espncdn.com/i/teamlogos/ncaa/500/161.png,hoopR,#28334a,#ffffff
Florida Gulf Coast,https://a.espncdn.com/i/teamlogos/ncaa/500/526.png,hoopR,#00885a,#076c3b
George Washington,https://a.espncdn.com/i/teamlogos/ncaa/500/45.png,hoopR,#002843,#e8d2a1
Gonzaga,https://a.espncdn.com/i/teamlogos/ncaa/500/2250.png,hoopR,#002967,#cfd4d8
Grand Canyon,https://a.espncdn.com/i/teamlogos/ncaa/500/2253.png,hoopR,#522398,#f0f0f0
Green Bay,https://a.espncdn.com/i/teamlogos/ncaa/500/2739.png,hoopR,#006633,#b21038
Hartford,https://a.espncdn.com/i/teamlogos/ncaa/500/42.png,hoopR,#d60008,#000000
High Point,https://a.espncdn.com/i/teamlogos/ncaa/500/2272.png,hoopR,#b0b7bc,#ebebeb
IUPUI,https://a.espncdn.com/i/teamlogos/ncaa/500/85.png,hoopR,#A81F30,#d59f0f
Iona,https://a.espncdn.com/i/teamlogos/ncaa/500/314.png,hoopR,#8c001a,#f6a704
Kansas City,https://a.espncdn.com/i/teamlogos/ncaa/500/140.png,hoopR,#004b87,#ffc72c
La Salle,https://a.espncdn.com/i/teamlogos/ncaa/500/2325.png,hoopR,#003356,#ffce00
Lipscomb,https://a.espncdn.com/i/teamlogos/ncaa/500/288.png,hoopR,#20366C,#f6b734
Little Rock,https://a.espncdn.com/i/teamlogos/ncaa/500/2031.png,hoopR,#AD0000,#898d8f
Long Beach State,https://a.espncdn.com/i/teamlogos/ncaa/500/299.png,hoopR,#000000,#f1f2f3
Long Island University,https://a.espncdn.com/i/teamlogos/ncaa/500/112358.png,hoopR,#50c9f7,#ffbf00
Longwood,https://a.espncdn.com/i/teamlogos/ncaa/500/2344.png,hoopR,#003273,#9ea2a3
Loyola (MD),https://a.espncdn.com/i/teamlogos/ncaa/500/2352.png,hoopR,#76a7a0,#c9cbca
Loyola Chicago,https://a.espncdn.com/i/teamlogos/ncaa/500/2350.png,hoopR,#9d1244,#ffffff
Loyola Marymount,https://a.espncdn.com/i/teamlogos/ncaa/500/2351.png,hoopR,#880029,#00345b
Manhattan,https://a.espncdn.com/i/teamlogos/ncaa/500/2363.png,hoopR,#4f8537,#b5b7ba
Marquette,https://a.espncdn.com/i/teamlogos/ncaa/500/269.png,hoopR,#083963,#ffffff
Maryland-Eastern Shore,https://a.espncdn.com/i/teamlogos/ncaa/500/2379.png,hoopR,#5c2301,#b5b7ba
Milwaukee,https://a.espncdn.com/i/teamlogos/ncaa/500/270.png,hoopR,#000000,#ffc20e
Mount St. Mary's,https://a.espncdn.com/i/teamlogos/ncaa/500/116.png,hoopR,#005596,#ebebeb
NJIT,https://a.espncdn.com/i/teamlogos/ncaa/500/2885.png,hoopR,#EE3024,#df3e2e
New Orleans,https://a.espncdn.com/i/teamlogos/ncaa/500/2443.png,hoopR,#005da6,#a2a9ae
Niagara,https://a.espncdn.com/i/teamlogos/ncaa/500/315.png,hoopR,#69207E,#f0f0f0
North Florida,https://a.espncdn.com/i/teamlogos/ncaa/500/2454.png,hoopR,#004B8D,#babcbe
Northern Kentucky,https://a.espncdn.com/i/teamlogos/ncaa/500/94.png,hoopR,#000000,#eab621
Oakland,https://a.espncdn.com/i/teamlogos/ncaa/500/2473.png,hoopR,#04091c,#bc955c
Omaha,https://a.espncdn.com/i/teamlogos/ncaa/500/2437.png,hoopR,#e3193e,#ffffff
Oral Roberts,https://a.espncdn.com/i/teamlogos/ncaa/500/198.png,hoopR,#002955,#ccb48c
Pacific,https://a.espncdn.com/i/teamlogos/ncaa/500/279.png,hoopR,#F47820,#c2c3c0
Pepperdine,https://a.espncdn.com/i/teamlogos/ncaa/500/2492.png,hoopR,#003A72,#dc762f
Portland,https://a.espncdn.com/i/teamlogos/ncaa/500/2501.png,hoopR,#0e034e,#f0f0f0
Prairie View A&M,https://a.espncdn.com/i/teamlogos/ncaa/500/2504.png,hoopR,#4d0960,#ffffff
Presbyterian,https://a.espncdn.com/i/teamlogos/ncaa/500/2506.png,hoopR,#194896,#990134
Providence,https://a.espncdn.com/i/teamlogos/ncaa/500/2507.png,hoopR,#000000,#7d8082
Purdue Fort Wayne,https://a.espncdn.com/i/teamlogos/ncaa/500/2870.png,hoopR,#00378A,#f0f0f0
Quinnipiac,https://a.espncdn.com/i/teamlogos/ncaa/500/2514.png,hoopR,#041B43,#ffffff
Radford,https://a.espncdn.com/i/teamlogos/ncaa/500/2515.png,hoopR,#BC1515,#c2c3c0
Rider,https://a.espncdn.com/i/teamlogos/ncaa/500/2520.png,hoopR,#a80532,#ebebeb
SE Louisiana,https://a.espncdn.com/i/teamlogos/ncaa/500/2545.png,hoopR,#215732,#ffc72c
SIU Edwardsville,https://a.espncdn.com/i/teamlogos/ncaa/500/2565.png,hoopR,#eb1c23,#080808
Saint Joseph's,https://a.espncdn.com/i/teamlogos/ncaa/500/2603.png,hoopR,#C2071B,#101010
Saint Louis,https://a.espncdn.com/i/teamlogos/ncaa/500/139.png,hoopR,#00539C,#ebebeb
Saint Mary's,https://a.espncdn.com/i/teamlogos/ncaa/500/2608.png,hoopR,#003768,#d02f35
Saint Peter's,https://a.espncdn.com/i/teamlogos/ncaa/500/2612.png,hoopR,#004CC2,#ffffff
Sam Houston,https://a.espncdn.com/i/teamlogos/ncaa/500/2534.png,hoopR,#fe5000,#000000
San Francisco,https://a.espncdn.com/i/teamlogos/ncaa/500/2539.png,hoopR,#22523F,#fbcd3c
Santa Clara,https://a.espncdn.com/i/teamlogos/ncaa/500/2541.png,hoopR,#690b0b,#101010
Seattle U,https://a.espncdn.com/i/teamlogos/ncaa/500/2547.png,hoopR,#BF2E1A,#c2c3c0
Seton Hall,https://a.espncdn.com/i/teamlogos/ncaa/500/2550.png,hoopR,#0857B1,#8a8d8f
Siena,https://a.espncdn.com/i/teamlogos/ncaa/500/2561.png,hoopR,#037961,#eea60f
South Carolina Upstate,https://a.espncdn.com/i/teamlogos/ncaa/500/2908.png,hoopR,#008545,#000000
Southern Miss,https://a.espncdn.com/i/teamlogos/ncaa/500/2572.png,hoopR,#FFAA3C,#ffc423
St. Bonaventure,https://a.espncdn.com/i/teamlogos/ncaa/500/179.png,hoopR,#70261D,#ffffff
St. Francis (BKN),https://a.espncdn.com/i/teamlogos/ncaa/500/2597.png,hoopR,#113682,#ffffff
St. Francis (PA),https://a.espncdn.com/i/teamlogos/ncaa/500/2598.png,hoopR,#a20012,#ffffff
St. Thomas - Minnesota,https://a.espncdn.com/i/teamlogos/ncaa/500/2900.png,hoopR,#000000,#ffffff
Tarleton,https://a.espncdn.com/i/teamlogos/ncaa/500/2627.png,hoopR,#000000,#ffffff
Texas A&M-CC,https://a.espncdn.com/i/teamlogos/ncaa/500/357.png,hoopR,#00639c,#008752
UC Irvine,https://a.espncdn.com/i/teamlogos/ncaa/500/300.png,hoopR,#002B5C,#fec52e
UC Riverside,https://a.espncdn.com/i/teamlogos/ncaa/500/27.png,hoopR,#14234F,#ffffff
UC San Diego,https://a.espncdn.com/i/teamlogos/ncaa/500/28.png,hoopR,#000000,#ffffff
UC Santa Barbara,https://a.espncdn.com/i/teamlogos/ncaa/500/2540.png,hoopR,#1D1160,#fdb813
UConn,https://a.espncdn.com/i/teamlogos/ncaa/500/41.png,hoopR,#001d40,#f1f2f3
UIC,https://a.espncdn.com/i/teamlogos/ncaa/500/82.png,hoopR,#001e62,#d50032
UL Monroe,https://a.espncdn.com/i/teamlogos/ncaa/500/2433.png,hoopR,#231F20,#b18445
UMBC,https://a.espncdn.com/i/teamlogos/ncaa/500/2378.png,hoopR,#000000,#ad860a
UNC Asheville,https://a.espncdn.com/i/teamlogos/ncaa/500/2427.png,hoopR,#156199,#c2c3c0
UNC Greensboro,https://a.espncdn.com/i/teamlogos/ncaa/500/2430.png,hoopR,#003559,#ffd90a
UNC Wilmington,https://a.espncdn.com/i/teamlogos/ncaa/500/350.png,hoopR,#1d2f68,#00665e
UT Arlington,https://a.espncdn.com/i/teamlogos/ncaa/500/250.png,hoopR,#004b7c,#f58024
UT Rio Grande Valley,https://a.espncdn.com/i/teamlogos/ncaa/500/292.png,hoopR,#dc6000,#e1732d
UTSA,https://a.espncdn.com/i/teamlogos/ncaa/500/2636.png,hoopR,#002A5C,#f47321
Utah Valley,https://a.espncdn.com/i/teamlogos/ncaa/500/3084.png,hoopR,#004812,#e1c736
VCU,https://a.espncdn.com/i/teamlogos/ncaa/500/2670.png,hoopR,#929292,#edb71d
Vermont,https://a.espncdn.com/i/teamlogos/ncaa/500/261.png,hoopR,#013C24,#ffc72c
Wichita State,https://a.espncdn.com/i/teamlogos/ncaa/500/2724.png,hoopR,#0d0a03,#ffc41e
Winthrop,https://a.espncdn.com/i/teamlogos/ncaa/500/2737.png,hoopR,#9e0b0e,#fdb41e
Wright State,https://a.espncdn.com/i/teamlogos/ncaa/500/2750.png,hoopR,#cba052,#cba052
Xavier,https://a.espncdn.com/i/teamlogos/ncaa/500/2752.png,hoopR,#002144,#9ea2a2
American Athletic,https://a.espncdn.com/i/teamlogos/ncaa_conf/500/151.png,Conference,NA,NA
